10000000000000
10000033378000
10000066743999
10000100121999
10000133474000
10000166843999
10000200214000
10000233576000
10000266949000
10000300339999
10000333677000
10000367065999
10000400421000
10000433796999
10000467149000
10000500522000
10000533879999
10000567281999
10000600614999
10000633975000
10000667376999
10000700715999
10000734073999
10000767448000
10000800810999
10000834176999
10000867550999
10000900915000
10000934295999
10000967656999
10001001017000
10001034381999
10001067743999
10001101112000
10001134473000
10001167863000
10001201216999
10001234575000
10001267960999
10001301337999
10001334687000
10001368050999
10001401416000
10001434773999
10001468167999
10001501517999
10001534877000
10001568248999
10001601613000
10001634969000
10001668357000
10001701709999
10001735076999
10001768447000
10001801810999
10001835173999
10001868544999
10001901906999
10001935293000
10001968645999
10002002010000
10002035373999
10002068750000
10002102118999
10002135474000
10002168847000
10002202208999
10002235575999
10002268942999
10002302308000
10002335676999
10002369048000
10002402421999
10002435781000
10002469146999
10002502506000
10002535878999
10002569250000
10002602616000
10002635973000
10002669358999
10002702714999
10002736081999
10002769441000
10002802807000
10002836171999
10002869548000
10002902906999
10002936299999
10002969653000
10003003011999
10003036378999
10003069744999
10003103110000
10003136478000
10003169841000
10003203208999
10003236573000
10003269945000
10003303304999
10003336671000
10003370036000
10003403405999
10003436779999
10003470146999
10003503516000
10003536872000
10003570249000
10003603616000
10003636985999
10003670355000
10003703707000
10003737071999
10003770440999
10003803818999
10003837174000
10003870541000
10003903933999
10003937299999
10003970648000
10004004005000
10004037370000
10004070744999
10004104111000
10004137472999
10004170840999
10004204207000
10004237572000
10004270940999
10004304314999
10004337684000
10004371051000
10004404418000
10004437781999
10004471144999
10004504510000
10004537879999
10004571241999
10004604605000
10004637978999
10004671357999
10004704707999
10004738088000
10004771448999
10004804818000
10004838190000
10004871542999
10004904907000
10004938313000
10004971647000
10005005017999
10005038435000
10005071746999
10005105105000
10005138509000
10005171839000
10005205210000
10005238596999
10005271957000
10005305366000
10005338702999
10005372041999
10005405409000
10005438807000
10005472143999
10005505504999
10005538887999
10005572240999
10005605611000
10005639014000
10005672361000
10005705706000
10005739102999
10005772446000
10005805809999
10005839187999
10005872541999
10005905904999
10005939355000
10005972639999
10006006008000
10006039397000
10006072747000
10006106110999
10006139493999
10006172844000
10006206210999
10006239600000
10006272955000
10006306305000
10006339683000
10006373041999
10006406406000
10006439785999
10006473138999
10006506508000
10006539899999
10006573243999
10006606612999
10006639982999
10006673349000
10006706705999
10006740078999
10006773440999
10006806817000
10006840190999
10006873561000
10006906912000
10006940290000
10006973641000
10007007030000
10007040383999
10007073739999
10007107125000
10007140483999
10007173837000
10007207215000
10007240581000
10007273939000
10007307345999
10007340683000
10007374042999
10007407425999
10007440784999
10007474152999
10007507510999
10007540876999
10007574243999
10007607627999
10007640981000
10007674353000
10007707721999
10007741085999
10007774454000
10007807827999
10007841177000
10007874544000
10007907933000
10007941308999
10007974653999
10008008030999
10008041387999
10008074758000
10008108125999
10008141482999
10008174838000
10008208230000
10008241577999
10008274943999
10008308352000
10008341683000
10008375049000
10008408444999
10008441774999
10008475137999
10008508513999
10008541887999
10008575269999
10008608613000
10008641978999
10008675368000
10008708714000
10008742076000
10008775443000
10008808813999
10008842182999
10008875541999
10008908907999
10008942290000
10008975644000
10009009014999
10009042374000
10009075742000
10009109107000
10009142496000
10009175864000
10009209211999
10009242578999
10009275940999
10009309322999
10009342672000
10009376038000
10009409415000
10009442779000
10009476139000
10009509514999
10009542874000
10009576247000
10009609612000
10009642971999
10009676352000
10009709710999
10009743083999
10009776443999
10009809809000
10009843176000
10009876539999
10009909911999
10009943284000
10009976639000
10010010012999
10010043389000
10010076746000
10010110108999
10010143470999
10010176841000
10010210208999
10010243575000
10010276942000
10010310312999
10010343681000
10010377043000
10010410405999
10010443778000
10010477140999
10010510511000
10010543875999
10010577240000
10010610614999
10010643980999
10010677352000
10010710708999
10010744072999
10010777442000
10010810815999
10010844175000
10010877539999
10010910910000
10010944315999
10010977645999
10011011012000
10011044373999
10011077745000
10011111116000
10011144475000
10011177845000
10011211212000
10011244575999
10011277952000
10011311310000
10011344673999
10011378049999
10011411411999
10011444778999
10011478166999
10011511510000
10011544878000
10011578265000
10011611607000
10011644970999
10011678372000
10011711713999
10011745075999
10011778475000
10011811814999
10011845177999
10011878582999
10011911908000
10011945288999
10011978660999
10012012006000
10012045383000
10012078782999
10012112110000
10012145470999
10012178875999
10012212219000
10012245574000
10012278960999
10012312341000
10012345671999
10012379053000
10012412404000
10012445773999
10012479183999
10012512504000
10012545872999
10012579252999
10012612607999
10012645991999
10012679395999
10012712704999
10012746071999
10012779456000
10012812809999
10012846170000
10012879549999
10012912909000
10012946289999
10012979663000
10013013011999
10013046378999
10013079754000
10013113108999
10013146472000
10013179850999
10013213209999
10013246575999
10013279954999
10013313303999
10013346676999
10013380047999
10013413409000
10013446776000
10013480141000
10013513510000
10013546886000
10013580255999
10013613610000
10013646978999
10013680358999
10013713712000
10013747084999
10013780442999
10013813807000
10013847192999
10013880551000
10013913903000
10013947320999
10013980650999
10014014014000
10014047403000
10014080749000
10014114107999
10014147480999
10014180849000
10014214207999
10014247581999
10014280948999
10014314314999
10014347696000
10014381046999
10014414409999
10014447793999
10014481159000
10014514508000
10014547892000
10014581243000
10014614605999
10014647999999
10014681360000
10014714708999
10014748098000
10014781451000
10014814804999
10014848186999
10014881540000
10014914908000
10014948309999
10014981652000
10015015009999
10015048376999
10015081749999
10015115111999
10015148478999
10015181839999
10015215208999
10015248575999
10015281949000
10015315371999
10015348680999
10015382058999
10015415406000
10015448776999
10015482141000
10015515509999
10015548882999
10015582248999
10015615609000
10015648986000
10015682365000
10015715705999
10015749080999
10015782449000
10015815826000
10015849180999
10015882552999
10015915915999
10015949297999
10015982642000
10016016009999
10016049379000
10016082741000
10016116105999
10016149482000
10016182849999
10016216217999
10016249577999
10016282944999
10016316308999
10016349678000
10016383040999
10016416406999
10016449775999
10016483158999
10016516508000
10016549876999
10016583242000
10016616614000
10016649973999
10016683352000
10016716705999
10016750083000
10016783444999
10016816805000
10016850173000
10016883542999
10016916907999
10016950292999
10016983646000
10017017006000
10017050380000
10017083748999
10017117108999
10017150477999
10017183848999
10017217209000
10017250581000
10017283939999
10017317310000
10017350676000
10017384041999
10017417401999
10017450780999
10017484145000
10017517511000
10017550878000
10017584242000
10017617610999
10017650987999
10017684377999
10017717714000
10017751071000
10017784438999
10017817810000
10017851179999
10017884547999
10017917919999
10017951320000
10017984663999
10018018023000
10018051375999
10018084748999
10018118125999
10018151480999
10018184846000
10018218221999
10018251577999
10018284944999
10018318369999
10018351676000
10018385038000
10018418422999
10018451779999
10018485150000
10018518541999
10018551874000
10018585240000
10018618639999
10018651971999
10018685358999
10018718726999
10018752077999
10018785445999
10018818838999
10018852173999
10018885539999
10018918942000
10018952282000
10018985640999
10019019017000
10019052373999
10019085743999
10019119138000
10019152475000
10019185842999
10019219230999
10019252576999
10019285938999
10019319347999
10019352676999
10019386045999
10019419426000
10019452776000
10019486139000
10019519526000
10019552884999
10019586240999
10019619620999
10019652984000
10019686361000
10019719728000
10019753075000
10019786443999
10019819821999
10019853173999
10019886542000
10019919921000
10019953292000
10019986645999
10020020026000
10020053373999
10020086749000
10020120116000
10020153475999
10020186847999
10020220218000
10020253574000
10020286947000
10020320335999
10020353680000
10020387040999
10020420412999
10020453772000
10020487146999
10020520511000
10020553882000
10020587294999
10020620622999
10020653978000
10020687359999
10020720713000
10020754074999
10020787457000
10020820809000
10020854176999
10020887564000
10020920912999
10020954309999
10020987646999
10021021011999
10021054378000
10021087745999
10021121110000
10021154475999
10021187860000
10021221219000
10021254579000
10021287942999
10021321334000
10021354674000
10021388046000
10021421409000
10021454776999
10021488162999
10021521531000
10021554888000
10021588250000
10021621606999
10021654973000
10021688382000
10021721713000
10021755078000
10021788446999
10021821813000
10021855174000
10021888547000
10021921909000
10021955298999
10021988648000
10022022012999
10022055373999
10022088745999
10022122117000
10022155473999
10022188847999
10022222203999
10022255574000
10022288946999
10022322344000
10022355685000
10022389046000
10022422415999
10022455781999
10022489145999
10022522506999
10022555871000
10022589240999
10022622611999
10022655983000
10022689355999
10022722724999
10022756084000
10022789450000
10022822808999
10022856171999
10022889543999
10022922921999
10022956287000
10022989641000
10023023008000
10023056372999
10023089745999
10023123110000
10023156474999
10023189846999
10023223233999
10023256575999
10023289940000
10023323303999
10023356675999
10023390041999
10023423407000
10023456771999
10023490137999
10023523513000
10023556872999
10023590239999
10023623610000
10023656976000
10023690359000
10023723711000
10023757069999
10023790442999
10023823820999
10023857175999
10023890546999
10023923904999
10023957291000
10023990639999
10024024003000
10024057373999
10024090747000
10024124111999
10024157481000
10024190844000
10024224205999
10024257575999
10024290941999
10024324309999
10024357691999
10024391041999
10024424413999
10024457782999
10024491141000
10024524508000
10024557876999
10024591244999
10024624615999
10024657987999
10024691355999
10024724707999
10024758088000
10024791443000
10024824807999
10024858179999
10024891541999
10024924914999
10024958345999
10024991646000
10025025010999
10025058418000
10025091742999
10025125106999
10025158504999
10025191844999
10025225207999
10025258588000
10025291941999
10025325308999
10025358702999
10025392042999
10025425408999
10025458792999
10025492156999
10025525507000
10025558904999
10025592242000
10025625608000
10025659007000
10025692354000
10025725715000
10025759088999
10025792456999
10025825808999
10025859216999
10025892546999
10025925912999
10025959303999
10025992656000
10026026008000
10026059389000
10026092742000
10026126110999
10026159491000
10026192841000
10026226208000
10026259592000
10026292939999
10026326306999
10026359690999
10026393038000
10026426411000
10026459799000
10026493152999
10026526509999
10026559891999
10026593245000
10026626631999
10026659983999
10026693355999
10026726719000
10026760092000
10026793443999
10026826812999
10026860182000
10026893539000
10026926913999
10026960290999
10026993642999
10027027014999
10027060380999
10027093752000
10027127115999
10027160479000
10027193846000
10027227219000
10027260581000
10027293943000
10027327332999
10027360685999
10027394039999
10027427416000
10027460778000
10027494144000
10027527509999
10027560876999
10027594243999
10027627634000
10027660987999
10027694353999
10027727714999
10027761074000
10027794442000
10027827811999
10027861176999
10027894538999
10027927927999
10027961289000
10027994660000
10028028009999
10028061378999
10028094741999
10028128128000
10028161485000
10028194842999
10028228216999
10028261585000
10028294950999
10028328321999
10028361673999
10028395037000
10028428415000
10028461776000
10028495149000
10028528522000
10028561881999
10028595240000
10028628613999
10028661975000
10028695363000
10028728710999
10028762076999
10028795443999
10028828815999
10028862173999
10028895543999
10028928912999
10028962282000
10028995635999
10029029015000
10029062384000
10029095756999
10029129113999
10029162487999
10029195841000
10029229208000
10029262570999
10029295942000
10029329314000
10029362685000
10029396042000
10029429412999
10029462782000
10029496144000
10029529508999
10029562871000
10029596242999
10029629622000
10029662979999
10029696347999
10029729713000
10029763080000
10029796452000
10029829805999
10029863174000
10029896548000
10029929911999
10029963302000
10029996644999
10030030010000
10030063378999
10030096741999
10030130102999
10030163480999
10030196839000
10030230213000
10030263585999
10030296940000
10030330312000
10030363674000
10030397041000
10030430410999
10030463771999
10030497137000
10030530512999
10030563878000
10030597240999
10030630611000
10030663975999
10030697355000
10030730711000
10030764076999
10030797440000
10030830809999
10030864196999
10030897542000
10030930905999
10030964292000
10030997647000
10031031009000
10031064372000
10031097748000
10031131116000
10031164487000
10031197856999
10031231208999
10031264569999
10031297958999
10031331313999
10031364675000
10031398042999
10031431409999
10031464776999
10031498174000
10031531509999
10031564875000
10031598256999
10031631615000
10031664973999
10031698387000
10031731710000
10031765077000
10031798457999
10031831808999
10031865171999
10031898556000
10031931909999
10031965282999
10031998666999
10032032014999
10032065380000
10032098772999
10032132109000
10032165477000
10032198866000
10032232208999
10032265574999
10032298964999
10032332308999
10032365678000
10032399077000
10032432410999
10032465772999
10032499159999
10032532509000
10032565871999
10032599264000
10032632606999
10032665976000
10032699383999
10032732722000
10032766072000
10032799453999
10032832812000
10032866173999
10032899567000
10032932910999
10032966292999
10032999664999
10033033005999
10033066375000
10033099768000
10033133105000
10033166472999
10033199860999
10033233206999
10033266578999
10033299965000
10033333316000
10033366680999
10033400048999
10033433407999
10033466780999
10033500163999
10033533507000
10033566881000
10033600266999
10033633621999
10033666981000
10033700380000
10033733710000
10033767087000
10033800461999
10033833814999
10033867184000
10033900546000
10033933907000
10033967309999
10034000641000
10034034008000
10034067381999
10034100750999
10034134110999
10034167525999
10034200865999
10034234212999
10034267583999
10034300941999
10034334313999
10034367691999
10034401045000
10034434404999
10034467778000
10034501138999
10034534508000
10034567884000
10034601260999
10034634608000
10034668005999
10034701369000
10034734721999
10034768077000
10034801443999
10034834807999
10034868189999
10034901544000
10034934909999
10034968318999
10035001643999
10035035006000
10035068379000
10035101759999
10035135107000
10035168480000
10035201850999
10035235212999
10035268577999
10035301946999
10035335345999
10035368678000
10035402040999
10035435401999
10035468778000
10035502142999
10035535509999
10035568881999
10035602248999
10035635621999
10035668975000
10035702376999
10035735706999
10035769076000
10035802448000
10035835806999
10035869177999
10035902555999
10035935927000
10035969296999
10036002649000
10036036011000
10036069395000
10036102747999
10036136113000
10036169479000
10036202849999
10036236214999
10036269582000
10036302942000
10036336310000
10036369682999
10036403072999
10036436438999
10036469779000
10036503150000
10036536505000
10036569879000
10036603241999
10036636610999
10036669980000
10036703364999
10036736707000
10036770083999
10036803449000
10036836826999
10036870190999
10036903544999
10036936904000
10036970296999
10037003649000
10037037007999
10037070374999
10037103741000
10037137111000
10037170476999
10037203843999
10037237208999
10037270577999
10037303960999
10037337331999
10037370676999
10037404038999
10037437409000
10037470774999
10037504145999
10037537510000
10037570878000
10037604251999
10037637608999
10037670980999
10037704353999
10037737718000
10037771079000
10037804437999
10037837815000
10037871176000
10037904558000
10037937918999
10037971298000
10038004639999
10038038017999
10038071374999
10038104745999
10038138122999
10038171479000
10038204847999
10038238241999
10038271575999
10038304942999
10038338348999
10038371676999
10038405039999
10038438431000
10038471776000
10038505145999
10038538540999
10038571878000
10038605244000
10038638618999
10038671975999
10038705357999
10038738726999
10038772077999
10038805441999
10038838843999
10038872172999
10038905538999
10038938920000
10038972298000
10039005645999
10039039034999
10039072395999
10039105750999
10039139145999
10039172475999
10039205841000
10039239227000
10039272574000
10039305941000
10039339342999
10039372671999
10039406037999
10039439444999
10039472787999
10039506139999
10039539521000
10039572878999
10039606250999
10039639624999
10039672994000
10039706355000
10039739734999
10039773074000
10039806441999
10039839815999
10039873184000
10039906544999
10039939938999
10039973304999
10040006647000
10040040028999
10040073377999
10040106745999
10040140117000
10040173483000
10040206846999
10040240219999
10040273585000
10040306950000
10040340357999
10040373676999
10040407048999
10040440415999
10040473774000
10040507159999
10040540520000
10040573884999
10040607286000
10040640617000
10040673973999
10040707360000
10040740713999
10040774077000
10040807467999
10040840817000
10040874176999
10040907556000
10040940916999
10040974303999
10041007644999
10041041013000
10041074373999
10041107761999
10041141112999
10041174477000
10041207846999
10041241221000
10041274577000
10041307961000
10041341308999
10041374673000
10041408064999
10041441415999
10041474777999
10041508148000
10041541505999
10041574875000
10041608248000
10041641611000
10041674981000
10041708368999
10041741710999
10041775088000
10041808440999
10041841805000
10041875172000
10041908546000
10041941908000
10041975293999
10042008648000
10042042025000
10042075408999
10042108747000
10042142105999
10042175481000
10042208851999
10042242221000
10042275572999
10042308949000
10042342303999
10042375674999
10042409043999
10042442410999
10042475773000
10042509147999
10042542507000
10042575875999
10042609244999
10042642616999
10042675991000
10042709359000
10042742705999
10042776072999
10042809444999
10042842808999
10042876173000
10042909546000
10042942919999
10042976291999
10043009645000
10043043007000
10043076374000
10043109744999
10043143116999
10043176477999
10043209850999
10043243216999
10043276577999
10043309944000
10043343306000
10043376673000
10043410044000
10043443428000
10043476781999
10043510142999
10043543519000
10043576875999
10043610241000
10043643603999
10043676975000
10043710355999
10043743714000
10043777071000
10043810449999
10043843824999
10043877174999
10043910549000
10043943906999
10043977290999
10044010641999
10044044018999
10044077382999
10044110744999
10044144107000
10044177475000
10044210841000
10044244205000
10044277579999
10044310969000
10044344343000
10044377692000
10044411043000
10044444403999
10044477780999
10044511140999
10044544506000
10044577878000
10044611238999
10044644605999
10044677986000
10044711355999
10044744709000
10044778083999
10044811442000
10044844806999
10044878187000
10044911544000
10044944911000
10044978353000
10045011639999
10045045009999
10045078413999
10045111745000
10045145112000
10045178491000
10045211852000
10045245215999
10045278597999
10045311953000
10045345306999
10045378690999
10045412039000
10045445407999
10045478790999
10045512142999
10045545505000
10045578906999
10045612246999
10045645604999
10045679012999
10045712363000
10045745705999
10045779085000
10045812439999
10045845804999
10045879208000
10045912538999
10045945909000
10045979305999
10046012641999
10046046022000
10046079395999
10046112746999
10046146113000
10046179496999
10046212838999
10046246203999
10046279583999
10046312944999
10046346304999
10046379683999
10046413038999
10046446409000
10046479796999
10046513144000
10046546511000
10046579890999
10046613241999
10046646623000
10046679985999
10046713352999
10046746712000
10046780091999
10046813441000
10046846809000
10046880177999
10046913543999
10046946932999
10046980336000
10047013641999
10047047017000
10047080385999
10047113740999
10047147122999
10047180476999
10047213845000
10047247229000
10047280584000
10047313943999
10047347336999
10047380685000
10047414039999
10047447414000
10047480779999
10047514140999
10047547517000
10047580887000
10047614242999
10047647614999
10047680983000
10047714351999
10047747714999
10047781076999
10047814444999
10047847829000
10047881187999
10047914542000
10047947926000
10047981293000
10048014639999
10048048010000
10048081376000
10048114743000
10048148129999
10048181479999
10048214857999
10048248212000
10048281578000
10048314941000
10048348313999
10048381675000
10048415041000
10048448413000
10048481781999
10048515143999
10048548510000
10048581878000
10048615239999
10048648608999
10048681978999
10048715360000
10048748711000
10048782086999
10048815437999
10048848809999
10048882176999
10048915539999
10048948913000
10048982282999
10049015640999
10049049014000
10049082382000
10049115755999
10049149113999
10049182483999
10049215840000
10049249209999
10049282575999
10049315943999
10049349334000
10049382679000
10049416042000
10049449409999
10049482774000
10049516139999
10049549509000
10049582875000
10049616244999
10049649610000
10049682985999
10049716352999
10049749706999
10049783077000
10049816440000
10049849824000
10049883179000
10049916541000
10049949914000
10049983310999
10050016642000
10050050008000
10050083381000
10050116744999
10050150120000
10050183492000
10050216835999
10050250206000
10050283580999
10050316953999
10050350333000
10050383673000
10050417042999
10050450413999
10050483788999
10050517144999
10050550511999
10050583878999
10050617240999
10050650614000
10050683970000
10050717353000
10050750708999
10050784079999
10050817439000
10050850808999
10050884183000
10050917540999
10050950909999
10050984292999
10051017658000
10051051013000
10051084385000
10051117748000
10051151108000
10051184476000
10051217850000
10051251210000
10051284572999
10051317955000
10051351345999
10051384699000
10051418064999
10051451404999
10051484775000
10051518158999
10051551504999
10051584871999
10051618259999
10051651608000
10051684973999
10051718388999
10051751713999
10051785077000
10051818462999
10051851807000
10051885173999
10051918562999
10051951909999
10051985279000
10052018663999
10052052004999
10052085374000
10052118764000
10052152109000
10052185475000
10052218860999
10052252215000
10052285577999
10052318978999
10052352337000
10052385669999
10052419062999
10052452406000
10052485769999
10052519153999
10052552508000
10052585875000
10052619278000
10052652610999
10052685977999
10052719379000
10052752709000
10052786072999
10052819449999
10052852815000
10052886173000
10052919561000
10052952912000
10052986283000
10053019663999
10053053008999
10053086376999
10053119757000
10053153110999
10053186478999
10053219865999
10053253205999
10053286571000
10053319953000
10053353305999
10053386679999
10053420047999
10053453406000
10053486779999
10053520155000
10053553507999
10053586885999
10053620252999
10053653603999
10053686985000
10053720358999
10053753705999
10053787081000
10053820459000
10053853823999
10053887179999
10053920545999
10053953913999
10053987327000
10054020653999
10054054017999
10054087384000
10054120752000
10054154128000
10054187498999
10054220841000
10054254204999
10054287591000
10054320952000
10054354353999
10054387682999
10054421048000
10054454427999
10054487778000
10054521140999
10054554509999
10054587895999
10054621246000
10054654620999
10054688002999
10054721369000
10054754708000
10054788081000
10054821443000
10054854810999
10054888191000
10054921544999
10054954906999
10054988293999
10055021639000
10055055008999
10055088372000
10055121742999
10055155103999
10055188479000
10055221848999
10055255204999
10055288576999
10055321950999
10055355308000
10055388691000
10055422044999
10055455407999
10055488779999
10055522156999
10055555516000
10055588878999
10055622249000
10055655616000
10055688980000
10055722352000
10055755712000
10055789081999
10055822449999
10055855816999
10055889176000
10055922539999
10055955905999
10055989290999
10056022638000
10056056007999
10056089388000
10056122744999
10056156114999
10056189484999
10056222841000
10056256207000
10056289576999
10056322940000
10056356313000
10056389688999
10056423043000
10056456405999
10056489777999
10056523140999
10056556507999
10056589878000
10056623244000
10056656607999
10056689976999
10056723362999
10056756707000
10056790077999
10056823436999
10056856803999
10056890178999
10056923545999
10056956904999
10056990298999
10057023648999
10057057012999
10057090382000
10057123743000
10057157106000
10057190479999
10057223851999
10057257211000
10057290585000
10057323948999
10057357308999
10057390682999
10057424041000
10057457404000
10057490776999
10057524143999
10057557514000
10057590878999
10057624255000
10057657616000
10057690977000
10057724345999
10057757727000
10057791074999
10057824440000
10057857813999
10057891175000
10057924546000
10057957915999
10057991281999
10058024640999
10058058011999
10058091382000
10058124750000
10058158123999
10058191473999
10058224845999
10058258237000
10058291594000
10058324942999
10058358350999
10058391681999
10058425053999
10058458429000
10058491778999
10058525138999
10058558546000
10058591877999
10058625239000
10058658631000
10058691983000
10058725361999
10058758737000
10058792078000
10058825440000
10058858829999
10058892173000
10058925540000
10058958930999
10058992297999
10059025641000
10059059038999
10059092371000
10059125738999
10059159125000
10059192489000
10059225840999
10059259226000
10059292584999
10059325940999
10059359370000
10059392676999
10059426041000
10059459413000
10059492776000
10059526138999
10059559513000
10059592875999
10059626245999
10059659628999
10059692973999
10059726349000
10059759726000
10059793073999
10059826449000
10059859816000
10059893174999
10059926540999
10059959925999
10059993295000
10060026658999
10060060030000
10060093376999
10060126750999
10060160115000
10060193477999
10060226849000
10060260223999
10060293585999
10060326947999
10060360332000
10060393679000
10060427046000
10060460411000
10060493776999
10060527158999
10060560525000
10060593881999
10060627247000
10060660610999
10060693976000
10060727374000
10060760710999
10060794077000
10060827461999
10060860815000
10060894173000
10060927551999
10060960909999
10060994301000
10061027646999
10061061010999
10061094385000
10061127760999
10061161114999
10061194482999
10061227849999
10061261207999
10061294574999
10061327956999
10061361331000
10061394690999
10061428066000
10061461418999
10061494779999
10061528148999
10061561507000
10061594875000
10061628279999
10061661616999
10061694992000
10061728359999
10061761715000
10061795084999
10061828446999
10061861807999
10061895173999
10061928544000
10061961923000
10061995308999
10062028642999
10062062008000
10062095376999
10062128744999
10062162105999
10062195474000
10062228848000
10062262215000
10062295595999
10062328945999
10062362310999
10062395673999
10062429049000
10062462411000
10062495773000
10062529146999
10062562509999
10062595880999
10062629238999
10062662609999
10062695980999
10062729358999
10062762706999
10062796081000
10062829444999
10062862814000
10062896172999
10062929541999
10062962906999
10062996289000
10063029644000
10063063004999
10063096373000
10063129759999
10063163113000
10063196475000
10063229846000
10063263206999
10063296573999
10063329949000
10063363309000
10063396672999
10063430045999
10063463408999
10063496778000
10063530141999
10063563511000
10063596874999
10063630246999
10063663609999
10063696981999
10063730360999
10063763713999
10063797088999
10063830441000
10063863805999
10063897171999
10063930551999
10063963907999
10063997280999
10064030647999
10064064023000
10064097373000
10064130740999
10064164106000
10064197478000
10064230858000
10064264224000
10064297575000
10064330948000
10064364315999
10064397684999
10064431044999
10064464437000
10064497784999
10064531155999
10064564512999
10064597891999
10064631244000
10064664620999
10064697992999
10064731354999
10064764703999
10064798091999
10064831438999
10064864813000
10064898197999
10064931543999
10064964907999
10064998356000
10065031641999
10065065008999
10065098391999
10065131747999
10065165112999
10065198495000
10065231841000
10065265214999
10065298591999
10065331947000
10065365308000
10065398710999
10065432042000
10065465414000
10065498808000
10065532140999
10065565506000
10065598915999
10065632244999
10065665605000
10065699006000
10065732348999
10065765708000
10065799107999
10065832442999
10065865804999
10065899207000
10065932541000
10065965908000
10065999353999
10066032643000
10066066010000
10066099390999
10066132744999
10066166105000
10066199520000
10066232841999
10066266208000
10066299598999
10066332946000
10066366310999
10066399696000
10066433043000
10066466409000
10066499787999
10066533143999
10066566505999
10066599906999
10066633239000
10066666611999
10066700000000
10066733355999
10066766713999
10066800086999
10066833442999
10066866813999
10066900190999
10066933544999
10066966915000
10067000296000
10067033638999
10067067011999
10067100382999
10067133744999
10067167134999
10067200477999
10067233841999
10067267225999
10067300584000
10067333937999
10067367324000
10067400677999
10067434041000
10067467419999
10067500786000
10067534141000
10067567540000
10067600889999
10067634243000
10067667617000
10067700977999
10067734355000
10067767728999
10067801080999
10067834439000
10067867827000
10067901184000
10067934541999
10067967929000
10068001291000
10068034642999
10068068031999
10068101386000
10068134744999
10068168134999
10068201481000
10068234838000
10068268211000
10068301573999
10068334940000
10068368334000
10068401692999
10068435040000
10068468418999
10068501786000
10068535142999
10068568509999
10068601871999
10068635244999
10068668611999
10068701983000
10068735370000
10068768710999
10068802085999
10068835454000
10068868812000
10068902176999
10068935543999
10068968918999
10069002292999
10069035649999
10069069011999
10069102375000
10069135741000
10069169112999
10069202475000
10069235840999
10069269212999
10069302594999
10069335972000
10069369330999
10069402679000
10069436044000
10069469412000
10069502778000
10069536137999
10069569514000
10069602875000
10069636244999
10069669609000
10069702971000
10069736349999
10069769715000
10069803073999
10069836439000
10069869810000
10069903188000
10069936544000
10069969912000
10070003284000
10070036640000
10070070009000
10070103376999
10070136742999
10070170116999
10070203489999
10070236839999
10070270210999
10070303576000
10070336938999
10070370315000
10070403680999
10070437040999
10070470408999
10070503779999
10070537137999
10070570506000
10070603875999
10070637242999
10070670613000
10070703971999
10070737349999
10070770714000
10070804084999
10070837439999
10070870807999
10070904173999
10070937538000
10070970910000
10071004304000
10071037646999
10071071013999
10071104395999
10071137746000
10071171108999
10071204471999
10071237848000
10071271210999
10071304586000
10071337955000
10071371316999
10071404678999
10071438065000
10071471411000
10071504779999
10071538168000
10071571512999
10071604879000
10071638278000
10071671608999
10071704975000
10071738393999
10071771706999
10071805073999
10071838464000
10071871810000
10071905185999
10071938571000
10071971923999
10072005304000
10072038682999
10072072006999
10072105374999
10072138772000
10072172113000
10072205480000
10072238875999
10072272209000
10072305576000
10072338970999
10072372310000
10072405673999
10072439054999
10072472415000
10072505784999
10072539173999
10072572506000
10072605874999
10072639267999
10072672609999
10072705970999
10072739370999
10072772708000
10072806076999
10072839460999
10072872810999
10072906172999
10072939548000
10072972907999
10073006289999
10073039652999
10073073007999
10073106377000
10073139763999
10073173115999
10073206471999
10073239853999
10073273209999
10073306577999
10073339950999
10073373315000
10073406688999
10073440060000
10073473407999
10073506774999
10073540179999
10073573517999
10073606878999
10073640250000
10073673612999
10073707007999
10073740395000
10073773708999
10073807080999
10073840453999
10073873806999
10073907177999
10073940545999
10073973909000
10074007315000
10074040651999
10074074017000
10074107388000
10074140755000
10074174125999
10074207521000
10074240845000
10074274207000
10074307600000
10074340948999
10074374335999
10074407682999
10074441047000
10074474405999
10074507793000
10074541149000
10074574513999
10074607896999
10074641250999
10074674622999
10074708006000
10074741364999
10074774708000
10074808102999
10074841447999
10074874824999
10074908181000
10074941547000
10074974919000
10075008305999
10075041642000
10075075010000
10075108381000
10075141752999
10075175117000
10075208480999
10075241851000
10075275218999
10075308576999
10075341940999
10075375304999
10075408679000
10075442050999
10075475430000
10075508782999
10075542149999
10075575507999
10075608878000
10075642241999
10075675608999
10075708977000
10075742366000
10075775714999
10075809080000
10075842445000
10075875807000
10075909179000
10075942540000
10075975910999
10076009299999
10076042648999
10076076011999
10076109376000
10076142744000
10076176118999
10076209477000
10076242841999
10076276203999
10076309575999
10076342967000
10076376357999
10076409675999
10076443042000
10076476407000
10076509774000
10076543143999
10076576503000
10076609882999
10076643248000
10076676607999
10076709974999
10076743355000
10076776708999
10076810079000
10076843442999
10076876807000
10076910175999
10076943541999
10076976909999
10077010292999
10077043636000
10077077005999
10077110376999
10077143742000
10077177110000
10077210476000
10077243868999
10077277227000
10077310575999
10077343942999
10077377307000
10077410678000
10077444042999
10077477404999
10077510775000
10077544148999
10077577514999
10077610877999
10077644244999
10077677610999
10077710978999
10077744351999
10077777713999
10077811079999
10077844444000
10077877813999
10077911175999
10077944537999
10077977912000
10078011295000
10078044641000
10078078013000
10078111375999
10078144760999
10078178131000
10078211481000
10078244839999
10078278232000
10078311577000
10078344940999
10078378360000
10078411675999
10078445041999
10078478438000
10078511774999
10078545142999
10078578551999
10078611881000
10078645249999
10078678615999
10078711973999
10078745392999
10078778742999
10078812072999
10078845439000
10078878824999
10078912179999
10078945540000
10078978949000
10079012312999
10079045642999
10079079046999
10079112386999
10079145741000
10079179121999
10079212473999
10079245839999
10079279242999
10079312571999
10079345938000
10079379381000
10079412679999
10079446038000
10079479427000
10079512775999
10079546145000
10079579534000
10079612874000
10079646240000
10079679626999
10079712972999
10079746348000
10079779716999
10079813078999
10079846445999
10079879840999
10079913176000
10079946540000
10079979921000
10080013290000
10080046647999
10080080023000
10080113375999
10080146746000
10080180120999
10080213472999
10080246842999
10080280214000
10080313576000
10080346947000
10080380334999
10080413677999
10080447047999
10080480416000
10080513777000
10080547147999
10080580513999
10080613874999
10080647245000
10080680614000
10080713975999
10080747368000
10080780722999
10080814077999
10080847450999
10080880807999
10080914172999
10080947548000
10080980913999
10081014299000
10081047656999
10081081017999
10081114373000
10081147746999
10081181117000
10081214477999
10081247851000
10081281206999
10081314573999
10081347954999
10081381327999
10081414672999
10081448049000
10081481406000
10081514774999
10081548145999
10081581511000
10081614878000
10081648305999
10081681615999
10081714974000
10081748352999
10081781707000
10081815076000
10081848445999
10081881810999
10081915171999
10081948548000
10081981912999
10082015310999
10082048650000
10082082012999
10082115383000
10082148746999
10082182115999
10082215475000
10082248851000
10082282212000
10082315575000
10082348944999
10082382308000
10082415673999
10082449045999
10082482415000
10082515776000
10082549146999
10082582517000
10082615873999
10082649241999
10082682607000
10082715974000
10082749357000
10082782728000
10082816085999
10082849442000
10082882809999
10082916171000
10082949543000
10082982906999
10083016284999
10083049646999
10083083017000
10083116373999
10083149756000
10083183107000
10083216478000
10083249842999
10083283208999
10083316573000
10083349949999
10083383311999
10083416675000
10083450041000
10083483406999
10083516772999
10083550144000
10083583507999
10083616878000
10083650241999
10083683606999
10083716973000
10083750358999
10083783711000
10083817081999
10083850441000
10083883810999
10083917175000
10083950543999
10083983916999
10084017281999
10084050642000
10084084006999
10084117372999
10084150743000
10084184107999
10084217473999
10084250845999
10084284228000
10084317578000
10084350941999
10084384310999
10084417686999
10084451043000
10084484411999
10084517781999
10084551143000
10084584512999
10084617888999
10084651241999
10084684616000
10084717983999
10084751356999
10084784707999
10084818084000
10084851446000
10084884810999
10084918203999
10084951538999
10084984908000
10085018346999
10085051648999
10085085010999
10085118400999
10085151746999
10085185110000
10085218505000
10085251841999
10085285210000
10085318585999
10085351944000
10085385313000
10085418691999
10085452042999
10085485414000
10085518802000
10085552148000
10085585509000
10085618900999
10085652240999
10085685616000
10085719011999
10085752355000
10085785705000
10085819104000
10085852440999
10085885804999
10085919186999
10085952538999
10085985908000
10086019361999
10086052642000
10086086005999
10086119403000
10086152743000
10086186103000
10086219484999
10086252844000
10086286207999
10086319600999
10086352937999
10086386316000
10086419696999
10086453040999
10086486409999
10086519791999
10086553142000
10086586513000
10086619892999
10086653238999
10086686630000
10086719989999
10086753357999
10086786710999
10086820077000
10086853445000
10086886816000
10086920192999
10086953545000
10086986914999
10087020291999
10087053642999
10087087013000
10087120377999
10087153744999
10087187131999
10087220489999
10087253839999
10087287211999
10087320580999
10087353943000
10087387317000
10087420679000
10087454042999
10087487415999
10087520784000
10087554137999
10087587510999
10087620880000
10087654247000
10087687614000
10087720977999
10087754360999
10087787733999
10087821078999
10087854440999
10087887816000
10087921188000
10087954541999
10087987907999
10088021283000
10088054643999
10088088032999
10088121384000
10088154741000
10088188114999
10088221486000
10088254847000
10088288222999
10088321571000
10088354939999
10088388327999
10088421673999
10088455040000
10088488411000
10088521776999
10088555142999
10088588528000
10088621886999
10088655252000
10088688618000
10088721976999
10088755363000
10088788708000
10088822071999
10088855445999
10088888806999
10088922177000
10088955544000
10088988923999
10089022289000
10089055640000
10089089008999
10089122382999
10089155747000
10089189113000
10089222483999
10089255837999
10089289215000
10089322575000
10089355939999
10089389312999
10089422672000
10089456044000
10089489419999
10089522779000
10089556137999
10089589512999
10089622885000
10089656247999
10089689619000
10089722977999
10089756354999
10089789711999
10089823080000
10089856444999
10089889811999
10089923177999
10089956544000
10089989910000
10090023283000
10090056645000
10090090016000
10090123380999
10090156739000
10090190114000
10090223474000
10090256841000
10090290213000
10090323571999
10090356939999
10090390323999
10090423678999
10090457042000
10090490415000
10090523774999
10090557139000
10090590511000
10090623872000
10090657247999
10090690613999
10090723976999
10090757351000
10090790710999
10090824072999
10090857448000
10090890810000
10090924175000
10090957543000
10090990913999
10091024293000
10091057659000
10091091008999
10091124373999
10091157745999
10091191111000
10091224471999
10091257856000
10091291210999
10091324574000
10091357957000
10091391309000
10091424672999
10091458049999
10091491405999
10091524769999
10091558150999
10091591512999
10091624873999
10091658274999
10091691611000
10091724978000
10091758389000
10091791710999
10091825074999
10091858475999
10091891815999
10091925173999
10091958565000
10091991909999
10092025287000
10092058659999
10092092015000
10092125394999
10092158772000
10092192111000
10092225479999
10092258868999
10092292206000
10092325571999
10092358974000
10092392311999
10092425676000
10092459066999
10092492409000
10092525775000
10092559176999
10092592510000
10092625873999
10092659261999
10092692612999
10092725970999
10092759395999
10092792708999
10092826079000
10092859458000
10092892808000
10092926172999
10092959558999
10092992919000
10093026293999
10093059675000
10093093009000
10093126415999
10093159766999
10093193106999
10093226473999
10093259847999
10093293211000
10093326590000
10093359952999
10093393308000
10093426681999
10093460055999
10093493409000
10093526776000
10093560150999
10093593505999
10093626890999
10093660260999
10093693608999
10093726994000
10093760378000
10093793709999
10093827078000
10093860450000
10093893810999
10093927224999
10093960551000
10093993929000
10094027309999
10094060648999
10094094016999
10094127377000
10094160745999
10094194107999
10094227494000
10094260844999
10094294207000
10094327579999
10094360940999
10094394313000
10094427692999
10094461043999
10094494404999
10094527792999
10094561142999
10094594516999
10094627873999
10094661247000
10094694609000
10094727979999
10094761356999
10094794711999
10094828101999
10094861457999
10094894833000
10094928178000
10094961540000
10094994904999
10095028295000
10095061648000
10095095013000
10095128381999
10095161740999
10095195105999
10095228493999
10095261843000
10095295208999
10095328578999
10095361939000
10095395302999
10095428683000
10095462046999
10095495421999
10095528771999
10095562137999
10095595506999
10095628876999
10095662247000
10095695615000
10095728993000
10095762371000
10095795720000
10095829077000
10095862440999
10095895807999
10095929179999
10095962552999
10095995906000
10096029301000
10096062643999
10096096004999
10096129375999
10096162742000
10096196105999
10096229481000
10096262846999
10096296217999
10096329578999
10096362952999
10096396327000
10096429675999
10096463039000
10096496406000
10096529779000
10096563165999
10096596520999
10096629881000
10096663254999
10096696617999
10096729982999
10096763354000
10096796704000
10096830077000
10096863444000
10096896806000
10096930177000
10096963551999
10096996906999
10097030296999
10097063638999
10097097004999
10097130377999
10097163752000
10097197104999
10097230476000
10097263838000
10097297204000
10097330572999
10097363940999
10097397310000
10097430677000
10097464061999
10097497435999
10097530774999
10097564137999
10097597509999
10097630875999
10097664242999
10097697608999
10097730974000
10097764348999
10097797720000
10097831075000
10097864437000
10097897817999
10097931174999
10097964547999
10097997923000
10098031302999
10098064640000
10098098018999
10098131376999
10098164736999
10098198129000
10098231472999
10098264839999
10098298222999
10098331577999
10098364948000
10098398354999
10098431674999
10098465043000
10098498433999
10098531773999
10098565142999
10098598524999
10098631881999
10098665243999
10098698632999
10098731985000
10098765362000
10098798722999
10098832075000
10098865437000
10098898832999
10098932177999
10098965538000
10098998942000
10099032298000
10099065638000
10099099034999
10099132374000
10099165740000
10099199137999
10099232476999
10099265841999
10099299245000
10099332570000
10099365943999
10099399332999
10099432672999
10099466038000
10099499445999
10099532772000
10099566144000
10099599524999
10099632875999
10099666246000
10099699617000
10099732976999
10099766369999
10099799725000
10099833076999
10099866450999
10099899827999
10099933176000
10099966544999
10099999928999
10100033298000
10100066661999
10100100038000
10100133380999
10100166746000
10100200127000
10100233475999
10100266848000
10100300219999
10100333577999
10100366946000
10100400330000
10100433675000
10100467047999
10100500417999
10100533774999
10100567157999
10100600533000
10100633877999
10100667283999
10100700622000
10100733973999
10100767388999
10100800715999
10100834102999
10100867444999
10100900810999
10100934173999
10100967548999
10101000914000
10101034293999
10101067649000
10101101020000
10101134372999
10101167763999
10101201106999
10101234475999
10101267875999
10101301212999
10101334571999
10101367946999
10101401330000
10101434672999
10101468048999
10101501425000
10101534776000
10101568167999
10101601511999
10101634882999
10101668245000
10101701608999
10101734979999
10101768355000
10101801706000
10101835076999
10101868451999
10101901809999
10101935182999
10101968547000
10102001906999
10102035291000
10102068644999
10102102010999
10102135378999
10102168744000
10102202110000
10102235474999
10102268845000
10102302209999
10102335574000
10102368948999
10102402307000
10102435676999
10102469057000
10102502418000
10102535771999
10102569153000
10102602510000
10102635873999
10102669257999
10102702605999
10102735977000
10102769362999
10102802716000
10102836072000
10102869446999
10102902807000
10102936171999
10102969543999
10103002913000
10103036283999
10103069643000
10103103017999
10103136383999
10103169743000
10103203104000
10103236477000
10103269841999
10103303213999
10103336574999
10103369945999
10103403311000
10103436669000
10103470041000
10103503405999
10103536774999
10103570147000
10103603527999
10103636880000
10103670244000
10103703627999
10103736988000
10103770357999
10103803705000
10103837073000
10103870440999
10103903804999
10103937170999
10103970543999
10104003910999
10104037298999
10104070643000
10104104008000
10104137372999
10104170742000
10104204110999
10104237476000
10104270838000
10104304207999
10104337573999
10104370941999
10104404306000
10104437686999
10104471053000
10104504429999
10104537777999
10104571144999
10104604505999
10104637886000
10104671243000
10104704606999
10104737983000
10104771355999
10104804710000
10104838093000
10104871440999
10104904808999
10104938189999
10104971542999
10105004903999
10105038308000
10105071642999
10105105009999
10105138424999
10105171742999
10105205104999
10105238497000
10105271840999
10105305206999
10105338600999
10105371950999
10105405306000
10105438712000
10105472042999
10105505412999
10105538794000
10105572142000
10105605507000
10105638896000
10105672237999
10105705610000
10105739007000
10105772359000
10105805731000
10105839083999
10105872445000
10105905805000
10105939188000
10105972542999
10106005911000
10106039383999
10106072642999
10106106003999
10106139406999
10106172736999
10106206115999
10106239493999
10106272842999
10106306207999
10106339590999
10106372945000
10106406306000
10106439688000
10106473046999
10106506408999
10106539786999
10106573143999
10106606507999
10106639896999
10106673244999
10106706631000
10106739991999
10106773360000
10106806720999
10106840104000
10106873450999
10106906813999
10106940188000
10106973550999
10107006911999
10107040290999
10107073645000
10107107019999
10107140392999
10107173749999
10107207126999
10107240480000
10107273839999
10107307211999
10107340573999
10107373939000
10107407338999
10107440690999
10107474040999
10107507426000
10107540782000
10107574161000
10107607516000
10107640880999
10107674242999
10107707614000
10107740980999
10107774353000
10107807721999
10107841081000
10107874445999
10107907809999
10107941173999
10107974543000
10108007931000
10108041299000
10108074650999
10108108014999
10108141375999
10108174737999
10108208118000
10108241477999
10108274838999
10108308215999
10108341576999
10108374941000
10108408314000
10108441678000
10108475039999
10108508410000
10108541772000
10108575141999
10108608510000
10108641877000
10108675240000
10108708612000
10108741980999
10108775357000
10108808725999
10108842082999
10108875443000
10108908814999
10108942186000
10108975554999
10109008911000
10109042283000
10109075639999
10109109013000
10109142373999
10109175742999
10109209113000
10109242478000
10109275842000
10109309209999
10109342575000
10109375939999
10109409313000
10109442672000
10109476040999
10109509414000
10109542783999
10109576149000
10109609513999
10109642872000
10109676241999
10109709613999
10109742973999
10109776352999
10109809714999
10109843079000
10109876443999
10109909808000
10109943172000
10109976538999
10110009907999
10110043303999
10110076641999
10110110017000
10110143384999
10110176740999
10110210113999
10110243472000
10110276839000
10110310213999
10110343586999
10110376946000
10110410310999
10110443686000
10110477041000
10110510410000
10110543770000
10110577138999
10110610527999
10110643892000
10110677254000
10110710607999
10110743974999
10110777352999
10110810707999
10110844074000
10110877441000
10110910816999
10110944190000
10110977548999
10111010905999
10111044294999
10111077660000
10111111010000
10111144377999
10111177761000
10111211110999
10111244475999
10111277846999
10111311209999
10111344571999
10111377950000
10111411312000
10111444670999
10111478065999
10111511410999
10111544786000
10111578160000
10111611509000
10111644874999
10111678273999
10111711607999
10111744973000
10111778371999
10111811712999
10111845075000
10111878459999
10111911809999
10111945174999
10111978570000
10112011909000
10112045281999
10112078660000
10112112011999
10112145376000
10112178786000
10112212107999
10112245473999
10112278860000
10112312206000
10112345572000
10112378973999
10112412314000
10112445685999
10112479076999
10112512404999
10112545772999
10112579159000
10112612508000
10112645875000
10112679254999
10112712605999
10112745979999
10112779393000
10112812710000
10112846075999
10112879455000
10112912809999
10112946180999
10112979556000
10113012908000
10113046288999
10113079660999
10113113008999
10113146371999
10113179748000
10113213109000
10113246473999
10113279868999
10113313223000
10113346588000
10113379962999
10113413309999
10113446676999
10113480045000
10113513408999
10113546774000
10113580142000
10113613508999
10113646882999
10113680253000
10113713615000
10113746979999
10113780362999
10113813709000
10113847093999
10113880450000
10113913807999
10113947205000
10113980551000
10114013908999
10114047312000
10114080643999
10114114013000
10114147425999
10114180755999
10114214106999
10114247509999
10114280846999
10114314210000
10114347577000
10114380944000
10114414332999
10114447688000
10114481047999
10114514407999
10114547796000
10114581147999
10114614505999
10114647882999
10114681243999
10114714610999
10114748003999
10114781363000
10114814705000
10114848098999
10114881446999
10114914813999
10114948178000
10114981546999
10115014911999
10115048316000
10115081650000
10115115003999
10115148374000
10115181739999
10115215105999
10115248481999
10115281842999
10115315206000
10115348576999
10115381945000
10115415329999
10115448675999
10115482047999
10115515408999
10115548775999
10115582145000
10115615509999
10115648876999
10115682246999
10115715609000
10115748978999
10115782348999
10115815705000
10115849078999
10115882455999
10115915810000
10115949180999
10115982549000
10116015905000
10116049289000
10116082644000
10116116007999
10116149375999
10116182741999
10116216107000
10116249483999
10116282847000
10116316205999
10116349576999
10116382939999
10116416309000
10116449677000
10116483038000
10116516407999
10116549774999
10116583147999
10116616504999
10116649880999
10116683240000
10116716607000
10116749974999
10116783358000
10116816706999
10116850075999
10116883453000
10116916804000
10116950178999
10116983540999
10117016908999
10117050294999
10117083639000
10117117003999
10117150375999
10117183752000
10117217114999
10117250481999
10117283842999
10117317204999
10117350581999
10117383941000
10117417303000
10117450672000
10117484042000
10117517404000
10117550773000
10117584139999
10117617513999
10117650878999
10117684251000
10117717609999
10117750976999
10117784351000
10117817719999
10117851079000
10117884443000
10117917817999
10117951182000
10117984540999
10118017916000
10118051289999
10118084644000
10118118030999
10118151377999
10118184742999
10118218133999
10118251483000
10118284845000
10118318234000
10118351572999
10118384939999
10118418357000
10118451672000
10118485042000
10118518443999
10118551776000
10118585138000
10118618532000
10118651877000
10118685240000
10118718649000
10118751974999
10118785353999
10118818725999
10118852079000
10118885443999
10118918837999
10118952181000
10118985539999
10119018932000
10119052282999
10119085638999
10119119048999
10119152378999
10119185749000
10119219138999
10119252473999
10119285839000
10119319214999
10119352570000
10119385946000
10119419347000
10119452683999
10119486052000
10119519432999
10119552778999
10119586138000
10119619517999
10119652877000
10119686243000
10119719621999
10119752975999
10119786348999
10119819722000
10119853101000
10119886458999
10119919824000
10119953182999
10119986539999
10120019914000
10120053288999
10120086649999
10120120027999
10120153372999
10120186743000
10120220112999
10120253479000
10120286844000
10120320212000
10120353578000
10120386943999
10120420350000
10120453677999
10120487052000
10120520405999
10120553773999
10120587149000
10120620509000
10120653874999
10120687286000
10120720628999
10120753977000
10120787355999
10120820712999
10120854078000
10120887450000
10120920814999
10120954174000
10120987546000
10121020914000
10121054292999
10121087644999
10121121006999
10121154379999
10121187787999
10121221113999
10121254479000
10121287862999
10121321212000
10121354574999
10121387946999
10121421307000
10121454673000
10121488069000
10121521404999
10121554770999
10121588163000
10121621509000
10121654872999
10121688244000
10121721607999
10121754973000
10121788355999
10121821715000
10121855084999
10121888445999
10121921813999
10121955173999
10121988543999
10122021904999
10122055290000
10122088658999
10122122016999
10122155372999
10122188742000
10122222109000
10122255473000
10122288841999
10122322207999
10122355572000
10122388947999
10122422309999
10122455676999
10122489042999
10122522408999
10122555790000
10122589143000
10122622503999
10122655871000
10122689247999
10122722615000
10122755987000
10122789356999
10122822707999
10122856077000
10122889446999
10122922822000
10122956177000
10122989547999
10123022922999
10123056291000
10123089648999
10123123007000
10123156371999
10123189743999
10123223105999
10123256475000
10123289849999
10123323207999
10123356582000
10123389940999
10123423306000
10123456673999
10123490041999
10123523406000
10123556774999
10123590147999
10123623510999
10123656871999
10123690243999
10123723605999
10123756978999
10123790356999
10123823703000
10123857071000
10123890450999
10123923807999
10123957172000
10123990541999
10124023903999
10124057291000
10124090641999
10124124019000
10124157371999
10124190742999
10124224108000
10124257478999
10124290842000
10124324207999
10124357574999
10124390950000
10124424324999
10124457698000
10124491047999
10124524423999
10124557785000
10124591140000
10124624504999
10124657880000
10124691244999
10124724623000
10124758015999
10124791360000
10124824716999
10124858087000
10124891442000
10124924809000
10124958199000
10124991543000
10125024913999
10125058305000
10125091642999
10125125008999
10125158416999
10125191743999
10125225104999
10125258496999
10125291842000
10125325204999
10125358599999
10125391939999
10125425306999
10125458700999
10125492040999
10125525411999
10125558802999
10125592146999
10125625514999
10125658907999
10125692240000
10125725607000
10125759007999
10125792354000
10125825704000
10125859086000
10125892440999
10125925822999
10125959209999
10125992544999
10126025905999
10126059294999
10126092639999
10126126002000
10126159384000
10126192742999
10126226104999
10126259498999
10126292838999
10126326204999
10126359583999
10126392938000
10126426308000
10126459683000
10126493043999
10126526412999
10126559793999
10126593151999
10126626506000
10126659890999
10126693242999
10126726628000
10126759985999
10126793358000
10126826715999
10126860087999
10126893438999
10126926815999
10126960191000
10126993542000
10127026911999
10127060289999
10127093638999
10127127017000
10127160388000
10127193757999
10127227123999
10127260479000
10127293841000
10127327213999
10127360575000
10127393942999
10127427332999
10127460694999
10127494037999
10127527422999
10127560776000
10127594141999
10127627510000
10127660872999
10127694240999
10127727624999
10127760985999
10127794348999
10127827717000
10127861075000
10127894442999
10127927830000
10127961193999
10127994539999
10128027927000
10128061303000
10128094645999
10128128011999
10128161378999
10128194750000
10128228128999
10128261486999
10128294841000
10128328226999
10128361582999
10128394948999
10128428313000
10128461683999
10128495041000
10128528409000
10128561778999
10128595153000
10128628511999
10128661884999
10128695265000
10128728607999
10128761972000
10128795358999
10128828715999
10128862081999
10128895440000
10128928816999
10128962183999
10128995542999
10129028910999
10129062280999
10129095643000
10129129010999
10129162390999
10129195749000
10129229110999
10129262473999
10129295836999
10129329211000
10129362574000
10129395941999
10129429323000
10129462685000
10129496038999
10129529408000
10129562775999
10129596139999
10129629511999
10129662879999
10129696241999
10129729607999
10129762977000
10129796349000
10129829706999
10129863073000
10129896439000
10129929818000
10129963174999
10129996542999
10130029914000
10130063310999
10130096638000
10130130014000
10130163372999
10130196742000
10130230106999
10130263473999
10130296836999
10130330207999
10130363578000
10130396946999
10130430311000
10130463689000
10130497040000
10130530410999
10130563769999
10130597136000
10130630509999
10130663877999
10130697245999
10130730606999
10130763973999
10130797348000
10130830712000
10130864073999
10130897445999
10130930808000
10130964178000
10130997543999
10131030908000
10131064290000
10131097641000
10131131013000
10131164377000
10131197743999
10131231110000
10131264492000
10131297846999
10131331208999
10131364573000
10131397952999
10131431322000
10131464670999
10131498047000
10131531410999
10131564774000
10131598158000
10131631510999
10131664871000
10131698275999
10131731614000
10131764982000
10131798392000
10131831709000
10131865082000
10131898478000
10131931807999
10131965172999
10131998573999
10132031907000
10132065282999
10132098675999
10132132010999
10132165382999
10132198773000
10132232110000
10132265476000
10132298865000
10132332207999
10132365574999
10132398971000
10132432307999
10132465673999
10132499077000
10132532413999
10132565776999
10132599183999
10132632510999
10132665877999
10132699280000
10132732610000
10132765975000
10132799391000
10132832714000
10132866072999
10132899456999
10132932805000
10132966173999
10132999562999
10133032909999
10133066284000
10133099654999
10133133009999
10133166373000
10133199752000
10133233109000
10133266471999
10133299854999
10133333222999
10133366571999
10133399972999
10133433305000
10133466694000
10133500045999
10133533413999
10133566781999
10133600150999
10133633504999
10133666881999
10133700244999
10133733629000
10133766985000
10133800373000
10133833705000
10133867077999
10133900449000
10133933809000
10133967182000
10134000555999
10134033908999
10134067317999
10134100650000
10134134007999
10134167381999
10134200759999
10134234116999
10134267475999
10134300841000
10134334209000
10134367592999
10134400949999
10134434314000
10134467695999
10134501046999
10134534405000
10134567793000
10134601139000
10134634507999
10134667889000
10134701248999
10134734604999
10134768000000
10134801379000
10134834727999
10134868077999
10134901439999
10134934806999
10134968183999
10135001546999
10135034912999
10135068301999
10135101649000
10135135017000
10135168378999
10135201743999
10135235108999
10135268480999
10135301856000
10135335225999
10135368582999
10135401948000
10135435305999
10135468681000
10135502038000
10135535407999
10135568780999
10135602147999
10135635512000
10135668889999
10135702256000
10135735633999
10135768991999
10135802383000
10135835704999
10135869079000
10135902449999
10135935806999
10135969178000
10136002553999
10136035912999
10136069293999
10136102643000
10136136008999
10136169384999
10136202758999
10136236117000
10136269479000
10136302842000
10136336203999
10136369575000
10136402939999
10136436306999
10136469677999
10136503053000
10136536428999
10136569778999
10136603139999
10136636508999
10136669874999
10136703240999
10136736606000
10136769978000
10136803374999
10136836722000
10136870073000
10136903443999
10136936805999
10136970180000
10137003547000
10137036927000
10137070293999
10137103645999
10137137006000
10137170376000
10137203740000
10137237110000
10137270477000
10137303837999
10137337204999
10137370576999
10137403951000
10137437307000
10137470679000
10137504037999
10137537406999
10137570771999
10137604140999
10137637507999
10137670872999
10137704241999
10137737607999
10137770970999
10137804355000
10137837713999
10137871076999
10137904438999
10137937812000
10137971179000
10138004548999
10138037924000
10138071288999
10138104639999
10138138017999
10138171376000
10138204743000
10138238119999
10138271475999
10138304844000
10138338245000
10138371578000
10138404940999
10138438356000
10138471679000
10138505057000
10138538440999
10138571774000
10138605138999
10138638541999
10138671875000
10138705239000
10138738622999
10138771979999
10138805377000
10138838737000
10138872094000
10138905445000
10138938841999
10138972182999
10139005537999
10139038935000
10139072298999
10139105644999
10139139043999
10139172377999
10139205743000
10139239121999
10139272478000
10139305836999
10139339216000
10139372574999
10139405939000
10139439356999
10139472679000
10139506042999
10139539424999
10139572779000
10139606138000
10139639533999
10139672881000
10139706243999
10139739628999
10139772974999
10139806355999
10139839731000
10139873082000
10139906445000
10139939823000
10139973173000
10140006540000
10140039930999
10140073343000
10140106647000
10140140013999
10140173377999
10140206745999
10140240117999
10140273473000
10140306843999
10140340217000
10140373588999
10140406941999
10140440313000
10140473679999
10140507047999
10140540409999
10140573777999
10140607158000
10140640519999
10140673882000
10140707250999
10140740610000
10140773971000
10140807351999
10140840710000
10140874073999
10140907456000
10140940822000
10140974199000
10141007548999
10141040917000
10141074308999
10141107648999
10141141005999
10141174372999
10141207758999
10141241111999
10141274488999
10141307843999
10141341204000
10141374576000
10141407957999
10141441307999
10141474675999
10141508072999
10141541420999
10141574774000
10141608143999
10141641503999
10141674875000
10141708242999
10141741611999
10141774971999
10141808359000
10141841726000
10141875104000
10141908449000
10141941808999
10141975175999
10142008551999
10142041921000
10142075284000
10142108645000
10142142029000
10142175376999
10142208742999
10142242107000
10142275480000
10142308848000
10142342210999
10142375583999
10142408950000
10142442333999
10142475680999
10142509045000
10142542405999
10142575770999
10142609144000
10142642522000
10142675876999
10142709247999
10142742631999
10142775994999
10142809364000
10142842705000
10142876072999
10142909445999
10142942810999
10142976172999
10143009545999
10143042911000
10143076285000
10143109661000
10143143008999
10143176375999
10143209746999
10143243116999
10143276487999
10143309843999
10143343205999
10143376571999
10143409942000
10143443304999
10143476672000
10143510039999
10143543411999
10143576774000
10143610142999
10143643507000
10143676870999
10143710243999
10143743607000
10143776971999
10143810354000
10143843711999
10143877069000
10143910445999
10143943803999
10143977173999
10144010543000
10144043912999
10144077314999
10144110651999
10144144014999
10144177383000
10144210740000
10144244104999
10144277471999
10144310842000
10144344207000
10144377575000
10144410938999
10144444311999
10144477703000
10144511043000
10144544407999
10144577783000
10144611143000
10144644505000
10144677878999
10144711251000
10144744615999
10144777985000
10144811357000
10144844705999
10144878086000
10144911443999
10144944806999
10144978182000
10145011542000
10145044909000
10145078303000
10145111644000
10145145006000
10145178386999
10145211745000
10145245106000
10145278497999
10145311841000
10145345205999
10145378604999
10145411946000
10145445304999
10145478691000
10145512037999
10145545406999
10145578797000
10145612143000
10145645506000
10145678911999
10145712245000
10145745611000
10145778996999
10145812362000
10145845706999
10145879100000
10145912441000
10145945804999
10145979207000
10146012541000
10146045904000
10146079299999
10146112646999
10146146004000
10146179406999
10146212745000
10146246111999
10146279496000
10146312841000
10146346203999
10146379582999
10146412940000
10146446308000
10146479692999
10146513041000
10146546405000
10146579791999
10146613138999
10146646505000
10146679887000
10146713243000
10146746618999
10146780012999
10146813352999
10146846709999
10146880091999
10146913441999
10146946809999
10146980180999
10147013541999
10147046916999
10147080308999
10147113640999
10147147010999
10147180384999
10147213740000
10147247116999
10147280479000
10147313841999
10147347228000
10147380583000
10147413941999
10147447317000
10147480680999
10147514041000
10147547411999
10147580774999
10147614142000
10147647515999
10147680888999
10147714240999
10147747623999
10147780983000
10147814357999
10147847713999
10147881074000
10147914440999
10147947830999
10147981186999
10148014544999
10148047913000
10148081278999
10148114647000
10148148010999
10148181386000
10148214739000
10148248116999
10148281478000
10148314840999
10148348206999
10148381572000
10148414948999
10148448311000
10148481673999
10148515047999
10148548414999
10148581780000
10148615138999
10148648508999
10148681876000
10148715242000
10148748614000
10148781977000
10148815360000
10148848713999
10148882078999
10148915440999
10148948808999
10148982174999
10149015542999
10149048912000
10149082295000
10149115636000
10149149013000
10149182377000
10149215738999
10149249111999
10149282478000
10149315840999
10149349217999
10149382574999
10149415939999
10149449312000
10149482676999
10149516040000
10149549409999
10149582779000
10149616138999
10149649509999
10149682875000
10149716241000
10149749615999
10149782983999
10149816359000
10149849706999
10149883072000
10149916440999
10149949812999
10149983189000
10150016537999
10150049913999
10150083285000
10150116636000
10150150008999
10150183374000
10150216741000
10150250117999
10150283482999
10150316842000
10150350209000
10150383573999
10150416941999
10150450310000
10150483673999
10150517036999
10150550407999
10150583780000
10150617141000
10150650510999
10150683875000
10150717244999
10150750610000
10150783992999
10150817363000
10150850707999
10150884074999
10150917439999
10150950808999
10150984172999
10151017541000
10151050909999
10151084299000
10151117641000
10151151024000
10151184373000
10151217747999
10151251107000
10151284475000
10151317841000
10151351209000
10151384576999
10151417953000
10151451309000
10151484676000
10151518060000
10151551407999
10151584774000
10151618155000
10151651508999
10151684874000
10151718274000
10151751623000
10151784979000
10151818395000
10151851705000
10151885070999
10151918470000
10151951805999
10151985173999
10152018563999
10152051910000
10152085289000
10152118678000
10152152013000
10152185374999
10152218762000
10152252109999
10152285471999
10152318859000
10152352210999
10152385578999
10152418971999
10152452306999
10152485674999
10152519049000
10152552408999
10152585773000
10152619151999
10152652507999
10152685873000
10152719263000
10152752608000
10152785974000
10152819373000
10152852710999
10152886077999
10152919463000
10152952810999
10152986176000
10153019560999
10153052912999
10153086293000
10153119654000
10153153013999
10153186373000
10153219763000
10153253138000
10153286490000
10153319859999
10153353204999
10153386571999
10153419949999
10153453309999
10153486683000
10153520055999
10153553415000
10153586774999
10153620149999
10153653507999
10153686878999
10153720251000
10153753609999
10153786985999
10153820368999
10153853713999
10153887082999
10153920449999
10153953817999
10153987182000
10154020542000
10154053906999
10154087328999
10154120652999
10154154027000
10154187384999
10154220750000
10154254106000
10154287491999
10154320843999
10154354207000
10154387587999
10154420947999
10154454359999
10154487683999
10154521047000
10154554406999
10154587778999
10154621144000
10154654512000
10154687893000
10154721251000
10154754619999
10154787974999
10154821358999
10154854706000
10154888076999
10154921440000
10154954808000
10154988186000
10155021552000
10155054932000
10155088295999
10155121644000
10155155005000
10155188376000
10155221746999
10155255106000
10155288480999
10155321856999
10155355218999
10155388578000
10155421942999
10155455314000
10155488677999
10155522043999
10155555405999
10155588781999
10155622148000
10155655505999
10155688877000
10155722245000
10155755610000
10155788973999
10155822350000
10155855706999
10155889095000
10155922452999
10155955817000
10155989176999
10156022538999
10156055906999
10156089291000
10156122645999
10156156006999
10156189384999
10156222750000
10156256113999
10156289477000
10156322840999
10156356208999
10156389578000
10156422946999
10156456307000
10156489680999
10156523046000
10156556408000
10156589774999
10156623138000
10156656504999
10156689878999
10156723250999
10156756610999
10156789978000
10156823390999
10156856705000
10156890073000
10156923437999
10156956807000
10156990174000
10157023543999
10157056904000
10157090304999
10157123641000
10157157008000
10157190389999
10157223744999
10157257109000
10157290485999
10157323841999
10157357202999
10157390577000
10157423941999
10157457307000
10157490673999
10157524037999
10157557403000
10157590777999
10157624143999
10157657513000
10157690873999
10157724243999
10157757610000
10157790972000
10157824348999
10157857710000
10157891073999
10157924442999
10157957816000
10157991173999
10158024537999
10158057918999
10158091297000
10158124639999
10158158027999
10158191398000
10158224748000
10158258131000
10158291474999
10158324837999
10158358223000
10158391574999
10158424936999
10158458339999
10158491675999
10158525041000
10158558439999
10158591775999
10158625138999
10158658523000
10158691877000
10158725241000
10158758621000
10158791978999
10158825362999
10158858732000
10158892071000
10158925439999
10158958822999
10158992174999
10159025546000
10159058923999
10159092300000
10159125643999
10159159041000
10159192380000
10159225750999
10159259121000
10159292473999
10159325838999
10159359215000
10159392576999
10159425941999
10159459366999
10159492677000
10159526035000
10159559419999
10159592774000
10159626137999
10159659521999
10159692874000
10159726237999
10159759626000
10159792972999
10159826354000
10159859723999
10159893073999
10159926450999
10159959834999
10159993177000
10160026545000
10160059933999
10160093300000
10160126648999
10160160017000
10160193374000
10160226769000
10160260119000
10160293476999
10160326849999
10160360222999
10160393609000
10160426945999
10160460310000
10160493678000
10160527047999
10160560413999
10160593784000
10160627156999
10160660520999
10160693876999
10160727274000
10160760613000
10160793988999
10160827361999
10160860716999
10160894082999
10160927451999
10160960814000
10160994214000
10161027548000
10161060910000
10161094296999
10161127650999
10161161018000
10161194429999
10161227752000
10161261109000
10161294479000
10161327848999
10161361219999
10161394573999
10161427961999
10161461336000
10161494686000
10161528041999
10161561406999
10161594774000
10161628144000
10161661507000
10161694878000
10161728252999
10161761618000
10161794990000
10161828348000
10161861710999
10161895070000
10161928444999
10161961806999
10161995175000
10162028548999
10162061922000
10162095305999
10162128644000
10162162011000
10162195375999
10162228746999
10162262106000
10162295474999
10162328845000
10162362214999
10162395570000
10162428945999
10162462310999
10162495675000
10162529044999
10162562409000
10162595774999
10162629144000
10162662518000
10162695878999
10162729240000
10162762606000
10162795974999
10162829356000
10162862710999
10162896075999
10162929446000
10162962814000
10162996196000
10163029542000
10163062906999
10163096290999
10163129649000
10163163016000
10163196377000
10163229751000
10163263117000
10163296487999
10163329843999
10163363203999
10163396571999
10163429944999
10163463337999
10163496672999
10163530059999
10163563411999
10163596772999
10163630140999
10163663504000
10163696871999
10163730244000
10163763606999
10163796973999
10163830359999
10163863710999
10163897080000
10163930444999
10163963807000
10163997172999
10164030541999
10164063916999
10164097289999
10164130643000
10164164017999
10164197372999
10164230745000
10164264118999
10164297474999
10164330851000
10164364206000
10164397574000
10164430949999
10164464308999
10164497691000
10164531037999
10164564404000
10164597775999
10164631145999
10164664511999
10164697889999
10164731245000
10164764605999
10164797989000
10164831353999
10164864706999
10164898087999
10164931446999
10164964810999
10164998197999
10165031542999
10165064906999
10165098307000
10165131644000
10165165010999
10165198390999
10165231745999
10165265115999
10165298495000
10165331840999
10165365206000
10165398589000
10165431939999
10165465306000
10165498700999
10165532042999
10165565414000
10165598808000
10165632139999
10165665506999
10165698899000
10165732239999
10165765610000
10165798995999
10165832351999
10165865714999
10165899115999
10165932441999
10165965806000
10165999206999
10166032542999
10166065904999
10166099345999
10166132641000
10166166014999
10166199419000
10166232743000
10166266111999
10166299485999
10166332838999
10166366203999
10166399594000
10166432940999
10166466311000
10166499694000
10166533041999
10166566407000
10166599790000
10166633146000
10166666506999
10166699909999
10166733240999
10166766632999
10166799994999
10166833351999
10166866706999
10166900080999
10166933442999
10166966812000
10167000194000
10167033540000
10167066913000
10167100296000
10167133638000
10167167011999
10167200378999
10167233744999
10167267121999
10167300482000
10167333848999
10167367232000
10167400584999
10167433940999
10167467324999
10167500683000
10167534041999
10167567414999
10167600782999
10167634137000
10167667524000
10167700892999
10167734257999
10167767614000
10167800977000
10167834353000
10167867716000
10167901085999
10167934439000
10167967835999
10168001185999
10168034552999
10168067909999
10168101297000
10168134643999
10168168026999
10168201382999
10168234752000
10168268111999
10168301481999
10168334842000
10168368211999
10168401572999
10168434940999
10168468334999
10168501677000
10168535044000
10168568408999
10168601774999
10168635138999
10168668510999
10168701871000
10168735241999
10168768618000
10168801985000
10168835375000
10168868709000
10168902074999
10168935443000
10168968826000
10169002178000
10169035539000
10169068914999
10169102321999
10169135658999
10169169012000
10169202380000
10169235744999
10169269114000
10169302488999
10169335842999
10169369211999
10169402581999
10169435937000
10169469322999
10169502672000
10169536040000
10169569412999
10169602785000
10169636146999
10169669513000
10169702879000
10169736235999
10169769610000
10169802975000
10169836352000
10169869710999
10169903072999
10169936439999
10169969811999
10170003189000
10170036550999
10170069910000
10170103283000
10170136637999
10170170016000
10170203375999
10170236740999
10170270112000
10170303480999
10170336847000
10170370224000
10170403575000
10170436942000
10170470311999
10170503683000
10170537039000
10170570422000
10170603779999
10170637139999
10170670507000
10170703874999
10170737243999
10170770609000
10170803974999
10170837352000
10170870711999
10170904075999
10170937443000
10170970814999
10171004171000
10171037540999
10171070910000
10171104299999
10171137655000
10171171011000
10171204383000
10171237745000
10171271108000
10171304496000
10171337851000
10171371208999
10171404575999
10171437954999
10171471308999
10171504673999
10171538054999
10171571411000
10171604771000
10171638155000
10171671510000
10171704883000
10171738272000
10171771609999
10171804976999
10171838422000
10171871708999
10171905074000
10171938458999
10171971811999
10172005177000
10172038571999
10172071905999
10172105284999
10172138651999
10172172013999
10172205380999
10172238755000
10172272108999
10172305474999
10172338875999
10172372207999
10172405571999
10172438963999
10172472313000
10172505672999
10172539065999
10172572416000
10172605778999
10172639184999
10172672510000
10172705872999
10172739262000
10172772609999
10172805980999
10172839375999
10172872712999
10172906075000
10172939459999
10172972814000
10173006172999
10173039550999
10173072919000
10173106283999
10173139659000
10173173009000
10173206376000
10173239761000
10173273113999
10173306479000
10173339855000
10173373206000
10173406575999
10173439946000
10173473308999
10173506677999
10173540059999
10173573422999
10173606775999
10173640140999
10173673509000
10173706877000
10173740248000
10173773612999
10173806993000
10173840376000
10173873707999
10173907080999
10173940450999
10173973810999
10174007181999
10174040558999
10174073916999
10174107312000
10174140649999
10174174016999
10174207379999
10174240745999
10174274111999
10174307494000
10174340849000
10174374207999
10174407576999
10174440950000
10174474340999
10174507676999
10174541041999
10174574404999
10174607791000
10174641150999
10174674516999
10174707894000
10174741245999
10174774621000
10174807984999
10174841356999
10174874712999
10174908094999
10174941448999
10174974813000
10175008182999
10175041548999
10175074919000
10175108291999
10175141638999
10175175004999
10175208387000
10175241745999
10175275132000
10175308477000
10175341851999
10175375207999
10175408579999
10175441942999
10175475312000
10175508680999
10175542047999
10175575408000
10175608776999
10175642138999
10175675506999
10175708875000
10175742243000
10175775616999
10175808994999
10175842360999
10175875711000
10175909078999
10175942436999
10175975808000
10176009178000
10176042536999
10176075903999
10176109300000
10176142649999
10176176007000
10176209377999
10176242744999
10176276105999
10176309479999
10176342844999
10176376209000
10176409578999
10176442945999
10176476307999
10176509675999
10176543040000
10176576408999
10176609781999
10176643140000
10176676507999
10176709877000
10176743252999
10176776608000
10176809977999
10176843343999
10176876706000
10176910073999
10176943439999
10176976808999
10177010179999
10177043544000
10177076908999
10177110282999
10177143636000
10177177005999
10177210376999
10177243746999
10177277114000
10177310476000
10177343851999
10177377210000
10177410576999
10177443939000
10177477311000
10177510678000
10177544046000
10177577408999
10177610774999
10177644141999
10177677508999
10177710881999
10177744242999
10177777608000
10177810976999
10177844365000
10177877712999
10177911078999
10177944446999
10177977818999
10178011172999
10178044538000
10178077911999
10178111294000
10178144637999
10178178019999
10178211374000
10178244748999
10178278126999
10178311477999
10178344843999
10178378225000
10178411576999
10178444948000
10178478366999
10178511679999
10178545038000
10178578422999
10178611775999
10178645140999
10178678518000
10178711880000
10178745247999
10178778637999
10178811976999
10178845360000
10178878738999
10178912070999
10178945439000
10178978820000
10179012173999
10179045536999
10179078942000
10179112289000
10179145637999
10179179020999
10179212376999
10179245751000
10179279114000
10179312480999
10179345854999
10179379237999
10179412575999
10179445936000
10179479342000
10179512673999
10179546039000
10179579416000
10179612774000
10179646141999
10179679532000
10179712876999
10179746240999
10179779624000
10179812973000
10179846344999
10179879725999
10179913076999
10179946442000
10179979835000
10180013172999
10180046540999
10180079920000
10180113283999
10180146649000
10180180021000
10180213375999
10180246742999
10180280120999
10180313475999
10180346846000
10180380215999
10180413575000
10180446948999
10180480331000
10180513689999
10180547058000
10180580422999
10180613774999
10180647156999
10180680511000
10180713875999
10180747246000
10180780607000
10180813976999
10180847370999
10180880724999
10180914070999
10180947444999
10180980810999
10181014173999
10181047540999
10181080923999
10181114292000
10181147667999
10181181012999
10181214374999
10181247749000
10181281107999
10181314473999
10181347870999
10181381215999
10181414576999
10181447974999
10181481315999
10181514674000
10181548072999
10181581409000
10181614772999
10181648172999
10181681507999
10181714871999
10181748251000
10181781611999
10181814972000
10181848353999
10181881706999
10181915074000
10181948448999
10181981816999
10182015171000
10182048545999
10182081916999
10182115287999
10182148644000
10182182010000
10182215374999
10182248756000
10182282116999
10182315504000
10182348861999
10182382212999
10182415574000
10182448940999
10182482308000
10182515670999
10182549047999
10182582416000
10182615776999
10182649142000
10182682516999
10182715899000
10182749244000
10182782605999
10182815977000
10182849355000
10182882712999
10182916071999
10182949440000
10182982805999
10183016175000
10183049541000
10183082905000
10183116280000
10183149647000
10183183016999
10183216377999
10183249744000
10183283106999
10183316474999
10183349845000
10183383208999
10183416580999
10183449943999
10183483351999
10183516673000
10183550038999
10183583408000
10183616774000
10183650144999
10183683510999
10183716871999
10183750242000
10183783611999
10183816971000
10183850349000
10183883703999
10183917072000
10183950439000
10183983806000
10184017174000
10184050542999
10184083909999
10184117280000
10184150643000
10184184006999
10184217375000
10184250742000
10184284107999
10184317468999
10184350841999
10184384215000
10184417578000
10184450941999
10184484316000
10184517685999
10184551052000
10184584418999
10184617774999
10184651142000
10184684508999
10184717885000
10184751245999
10184784606999
10184817984999
10184851354000
10184884718999
10184918095999
10184951444000
10184984808000
10185018202999
10185051541000
10185084906000
10185118306000
10185151641000
10185185011999
10185218409999
10185251747000
10185285106999
10185318499999
10185351846999
10185385207999
10185418587999
10185451944000
10185485307999
10185518701999
10185552040000
10185585404999
10185618803999
10185652142000
10185685503999
10185718897000
10185752239999
10185785608000
10185819013999
10185852356999
10185885707999
10185919121000
10185952439999
10185985803999
10186019196999
10186052541999
10186085903999
10186119343000
10186152640000
10186186007000
10186219397999
10186252741999
10186286105999
10186319489999
10186352842000
10186386209000
10186419594999
10186452938000
10186486306000
10186519678000
10186553039000
10186586406000
10186619780999
10186653145000
10186686510999
10186719896000
10186753255999
10186786609000
10186819993999
10186853348999
10186886711999
10186920077999
10186953441999
10186986815000
10187020183999
10187053540999
10187086909999
10187120296999
10187153642999
10187187012000
10187220385999
10187253741999
10187287124000
10187320486999
10187353838999
10187387214000
10187420575999
10187453946999
10187487342000
10187520689999
10187554041999
10187587416999
10187620784000
10187654140000
10187687518000
10187720876999
10187754240999
10187787613000
10187820974000
10187854352000
10187887715999
10187921077999
10187954449000
10187987810999
10188021181000
10188054544999
10188087928000
10188121295999
10188154653999
10188188025999
10188221387999
10188254741999
10188288109999
10188321472999
10188354842999
10188388210999
10188421581999
10188454953000
10188488343999
10188521677000
10188555054999
10188588407999
10188621772000
10188655140999
10188688509999
10188721885999
10188755242999
10188788613000
10188821979999
10188855365999
10188888708000
10188922075999
10188955441000
10188988814000
10189022179999
10189055550999
10189088913999
10189122294999
10189155643000
10189189011000
10189222372000
10189255742999
10189289117000
10189322484000
10189355853000
10189389210999
10189422579000
10189455954999
10189489306999
10189522672000
10189556042000
10189589412999
10189622777000
10189656138000
10189689503999
10189722873999
10189756240999
10189789612999
10189822992999
10189856351000
10189889712000
10189923080000
10189956444999
10189989809999
10190023171000
10190056537999
10190089909000
10190123282999
10190156643000
10190190024999
10190223385999
10190256746999
10190290114999
10190323474999
10190356842999
10190390207000
10190423575999
10190456947999
10190490320999
10190523677999
10190557047000
10190590405000
10190623773999
10190657140999
10190690511999
10190723874999
10190757241999
10190790614999
10190823985999
10190857350000
10190890711000
10190924073000
10190957437999
10190990813000
10191024172999
10191057541000
10191090913000
10191124305999
10191157640999
10191191007999
10191224373999
10191257750000
10191291105000
10191324473999
10191357842999
10191391214999
10191424576999
10191457954999
10191491310999
10191524675000
10191558047000
10191591415000
10191624778999
10191658148000
10191691507999
10191724878999
10191758271000
10191791610000
10191824973999
10191858385999
10191891708999
10191925076999
10191958472000
10191991817000
10192025174000
10192058562000
10192091906999
10192125283999
10192158659000
10192192006999
10192225371999
10192258771999
10192292110000
10192325478000
10192358887000
10192392207999
10192425573000
10192458953999
10192492333000
10192525675999
10192559076999
10192592405999
10192625774000
10192659169000
10192692505999
10192725872999
10192759255999
10192792610999
10192825992000
10192859388000
10192892710000
10192926074999
10192959460000
10192992815999
10193026173000
10193059548999
10193092907000
10193126282999
10193159659999
10193193017999
10193226371999
10193259754000
10193293109000
10193326478000
10193359862999
10193393210000
10193426573000
10193459961000
10193493330999
10193526678000
10193560047999
10193593408999
10193626775999
10193660151000
10193693508000
10193726882999
10193760258000
10193793607999
10193826981000
10193860362999
10193893702999
10193927077000
10193960440999
10193993812000
10194027190999
10194060547999
10194093919999
10194127297999
10194160648999
10194194009999
10194227401000
10194260747999
10194294110000
10194327482999
10194360845999
10194394215000
10194427580999
10194460944000
10194494319999
10194527673999
10194561039000
10194594414999
10194627792999
10194661164999
10194694507000
10194727882000
10194761242000
10194794608000
10194827977999
10194861350999
10194894706000
10194928092999
10194961445999
10194994822000
10195028178999
10195061541000
10195094908999
10195128311000
10195161657000
10195195014999
10195228381999
10195261746999
10195295118000
10195328475000
10195361838999
10195395207999
10195428588999
10195461946999
10195495311999
10195528683999
10195562044000
10195595411999
10195628775999
10195662143999
10195695513000
10195728881000
10195762247999
10195795615000
10195828981999
10195862368000
10195895706999
10195929075999
10195962450000
10195995806999
10196029178999
10196062546999
10196095903999
10196129301000
10196162646999
10196196007999
10196229374000
10196262741999
10196296104999
10196329476999
10196362854000
10196396215000
10196429577999
10196462940999
10196496309000
10196529673999
10196563040999
10196596408999
10196629780000
10196663145999
10196696515999
10196729876999
10196763240000
10196796609000
10196829977999
10196863354000
10196896709000
10196930078999
10196963444000
10196996812999
10197030176000
10197063538000
10197096903999
10197130293000
10197163639000
10197197012000
10197230376999
10197263763999
10197297134000
10197330477999
10197363837999
10197397205999
10197430572999
10197463939000
10197497309000
10197530678999
10197564039999
10197597405000
10197630775999
10197664138999
10197697519000
10197730878000
10197764245000
10197797608999
10197830973999
10197864364000
10197897709999
10197931072999
10197964439999
10197997812999
10198031175000
10198064539999
10198097913999
10198131306999
10198164654000
10198198019999
10198231379999
10198264739000
10198298123999
10198331476999
10198364837999
10198398223000
10198431580000
10198464941000
10198498364999
10198531675000
10198565039999
10198598448999
10198631779999
10198665139999
10198698527000
10198731877000
10198765240000
10198798638999
10198831978000
10198865357999
10198898735000
10198932075999
10198965439999
10198998845000
10199032182000
10199065543999
10199098939999
10199132288999
10199165638999
10199199047000
10199232375999
10199265741999
10199299121000
10199332473999
10199365840000
10199399224999
10199432575999
10199465941000
10199499361000
10199532687000
10199566053000
10199599432999
10199632775000
10199666140999
10199699531000
10199732882000
10199766240000
10199799641999
10199832973999
10199866352999
10199899736999
10199933074000
10199966446999
10199999832999
10200033175000
10200066541000
10200099931999
10200133292999
10200166655999
10200200025000
10200233378999
10200266744000
10200300127999
10200333474999
10200366845000
10200400212000
10200433584000
10200466958999
10200500334000
10200533676999
10200567048999
10200600422999
10200633772999
10200667149999
10200700511999
10200733874999
10200767294999
10200800627999
10200833973000
10200867355999
10200900712000
10200934075999
10200967456000
10201000815999
10201034174000
10201067547000
10201100915000
10201134291999
10201167661999
10201201009000
10201234377999
10201267775000
10201301122999
10201334474999
10201367860000
10201401217999
10201434574999
10201467947999
10201501306000
10201534674999
10201568058000
10201601414000
10201634775999
10201668163000
10201701520999
10201734876000
10201768246999
10201801606999
10201834978000
10201868382999
10201901711000
10201935070999
10201968447999
10202001813000
10202035174999
10202068547999
10202101926999
10202135297999
10202168647000
10202202014999
10202235376000
10202268745999
10202302115999
10202335487000
10202368840999
10202402217999
10202435575999
10202468945999
10202502312000
10202535675999
10202569053999
10202602412000
10202635769999
10202669146000
10202702506999
10202735875000
10202769245999
10202802615999
10202835970000
10202869359000
10202902717000
10202936096999
10202969444000
10203002807000
10203036172999
10203069543999
10203102912000
10203136282999
10203169642999
10203203009999
10203236371000
10203269742000
10203303109000
10203336473999
10203369848999
10203403211000
10203436572999
10203469940999
10203503314999
10203536673999
10203570044000
10203603408999
10203636774000
10203670145000
10203703509999
10203736871999
10203770247000
10203803610999
10203836977000
10203870359000
10203903706999
10203937071000
10203970446999
10204003816000
10204037184999
10204070540000
10204103907999
10204137291999
10204170640000
10204204002999
10204237371000
10204270744999
10204304126999
10204337481000
10204370839999
10204404206000
10204437576000
10204470944000
10204504306999
10204537690999
10204571044000
10204604417999
10204637783000
10204671141999
10204704507999
10204737884000
10204771242999
10204804608000
10204837985000
10204871358000
10204904714000
10204938087000
10204971439000
10205004806999
10205038200000
10205071551999
10205104905000
10205138333999
10205171644000
10205205011000
10205238416000
10205271746000
10205305103000
10205338487999
10205371846000
10205405206999
10205438592000
10205471943000
10205505310000
10205538693000
10205572043000
10205605414999
10205638804000
10205672145000
10205705506000
10205738900000
10205772245000
10205805626999
10205839024000
10205872353000
10205905704000
10205939087000
10205972440999
10206005804999
10206039215000
10206072543000
10206105906999
10206139363000
10206172640999
10206206007999
10206239405000
10206272742999
10206306110999
10206339493999
10206372841000
10206406208000
10206439587000
10206472961999
10206506309000
10206539694000
10206573046999
10206606412999
10206639791999
10206673141999
10206706508999
10206739891999
10206773257000
10206806626999
10206839980999
10206873353999
10206906710999
10206940088999
10206973457000
10207006837999
10207040194999
10207073553000
10207106910000
10207140289999
10207173640999
10207207013999
10207240391999
10207273760000
10207307114999
10207340485999
10207373845000
10207407223999
10207440577999
10207473941000
10207507346000
10207540686000
10207574058999
10207607414000
10207640782000
10207674139999
10207707508999
10207740872999
10207774245000
10207807640999
10207840983000
10207874364999
10207907708999
10207941074000
10207974443999
10208007809999
10208041173999
10208074539999
10208107922999
10208141293999
10208174650999
10208208015000
10208241375999
10208274745000
10208308124999
10208341484000
10208374839000
10208408217999
10208441585000
10208474956000
10208508335000
10208541672999
10208575037999
10208608411000
10208641779999
10208675144000
10208708512999
10208741890999
10208775240999
10208808611999
10208841973000
10208875368999
10208908707999
10208942073000
10208975443999
10209008813000
10209042186999
10209075552000
10209108913000
10209142293999
10209175644000
10209209039999
10209242387000
10209275748000
10209309110000
10209342485000
10209375840999
10209409211000
10209442571999
10209475940999
10209509314999
10209542690999
10209576044999
10209609415999
10209642780999
10209676144000
10209709512999
10209742878999
10209776244000
10209809610999
10209842974999
10209876351999
10209909716000
10209943073000
10209976445000
10210009813000
10210043175999
10210076541000
10210109910000
10210143293999
10210176637000
10210210010999
10210243382000
10210276740999
10210310110000
10210343471000
10210376838000
10210410216000
10210443575999
10210476939000
10210510312000
10210543669999
10210577037999
10210610409999
10210643777999
10210677138999
10210710509999
10210743877000
10210777240999
10210810607999
10210843972000
10210877354999
10210910710000
10210944073000
10210977446999
10211010811000
10211044179000
10211077540000
10211110907000
10211144292999
10211177644999
10211211009999
10211244371999
10211277742000
10211311111999
10211344478000
10211377865999
10211411206000
10211444574999
10211477956000
10211511313999
10211544673000
10211578047999
10211611409999
10211644777999
10211678163000
10211711516999
10211744876000
10211778266999
10211811609000
10211844973000
10211878393000
10211911706999
10211945073999
10211978473999
10212011809999
10212045169999
10212078561000
10212111906000
10212145281999
10212178664999
10212212011999
10212245383999
10212278774999
10212312108000
10212345472000
10212378848000
10212412209000
10212445574999
10212478956000
10212512322000
10212545683000
10212579062999
10212612408999
10212645775999
10212679159999
10212712510999
10212745871999
10212779249999
10212812611999
10212845984999
10212879394999
10212912706999
10212946071999
10212979451999
10213012810000
10213046173999
10213079557999
10213112908999
10213146281999
10213179661999
10213213003999
10213246372999
10213279751000
10213313111999
10213346475000
10213379860000
10213413206999
10213446574999
10213479956000
10213513312999
10213546683999
10213580047999
10213613423999
10213646779000
10213680157999
10213713504999
10213746877999
10213780256000
10213813607000
10213846983999
10213880350999
10213913710000
10213947092999
10213980451999
10214013815000
10214047190999
10214080550999
10214113905999
10214147307999
10214180647999
10214214007999
10214247382999
10214280751000
10214314104999
10214347476999
10214380846000
10214414208000
10214447592999
10214480944000
10214514321999
10214547701999
10214581046999
10214614405000
10214647779000
10214681145999
10214714504999
10214747890999
10214781240999
10214814609000
10214847998999
10214881365000
10214914706999
10214948078999
10214981448000
10215014809999
10215048179999
10215081539000
10215114906999
10215148318999
10215181644999
10215215005000
10215248381999
10215281743999
10215315113000
10215348479999
10215381842999
10215415214000
10215448578999
10215481947000
10215515310999
10215548673999
10215582038999
10215615407999
10215648775999
10215682145999
10215715535999
10215748879999
10215782315000
10215815618000
10215848976999
10215882348999
10215915703000
10215949078999
10215982442000
10216015808000
10216049178999
10216082540999
10216115906999
10216149295999
10216182647999
10216216007999
10216249385999
10216282751000
10216316111000
10216349479000
10216382841000
10216416204999
10216449572999
10216482941000
10216516306999
10216549683000
10216583045999
10216616410000
10216649774999
10216683144999
10216716512999
10216749875999
10216783246999
10216816603999
10216849978000
10216883368999
10216916703999
10216950075000
10216983442000
10217016806999
10217050177999
10217083542000
10217116905000
10217150297000
10217183644999
10217217004000
10217250375999
10217283740000
10217317105000
10217350473999
10217383837999
10217417202999
10217450575999
10217483941999
10217517307000
10217550672999
10217584042999
10217617405999
10217650776999
10217684149999
10217717518999
10217750884999
10217784243000
10217817611999
10217850973000
10217884356000
10217917714999
10217951075999
10217984441000
10218017815999
10218051179000
10218084544999
10218117916999
10218151292999
10218184639999
10218218011999
10218251378999
10218284739000
10218318116999
10218351479999
10218384845000
10218418229999
10218451574000
10218484940000
10218518341000
10218551677999
10218585037999
10218618429000
10218651782999
10218685140999
10218718553999
10218751881000
10218785243000
10218818633999
10218851974999
10218885368999
10218918727000
10218952075999
10218985440999
10219018855000
10219052174000
10219085542999
10219118921999
10219152288999
10219185637000
10219219031999
10219252379999
10219285742000
10219319139999
10219352473999
10219385838000
10219419217999
10219452574000
10219485941999
10219519338000
10219552671999
10219586041999
10219619423000
10219652775999
10219686142000
10219719527999
10219752883999
10219786239000
10219819622999
10219852977000
10219886352999
10219919714999
10219953093000
10219986441999
10220019815999
10220053174999
10220086542999
10220119929000
10220153308999
10220186648999
10220220024000
10220253386000
10220286744999
10220320109000
10220353472000
10220386845999
10220420217999
10220453583999
10220486946999
10220520322000
10220553674999
10220587051000
10220620423999
10220653777999
10220687164999
10220720521999
10220753882999
10220787245999
10220820610999
10220853987000
10220887357999
10220920707999
10220954073999
10220987462999
10221020816000
10221054183999
10221087548999
10221120919999
10221154305000
10221187649999
10221221007999
10221254376000
10221287759999
10221321115999
10221354473999
10221387848000
10221421210000
10221454572999
10221487950999
10221521311000
10221554672999
10221588048999
10221621413999
10221654780999
10221688145000
10221721513999
10221754879000
10221788242999
10221821611999
10221854975000
10221888359000
10221921715000
10221955071999
10221988444000
10222021806000
10222055172999
10222088544000
10222121908999
10222155292999
10222188646999
10222222017000
10222255374000
10222288747999
10222322105999
10222355476999
10222388843999
10222422209000
10222455574999
10222488946999
10222522343999
10222555672999
10222589042999
10222622405999
10222655774999
10222689143999
10222722510999
10222755877999
10222789246000
10222822614000
10222855974000
10222889350999
10222922705999
10222956075999
10222989445000
10223022809000
10223056172000
10223089540000
10223122926000
10223156290999
10223189642999
10223223006000
10223256380000
10223289745000
10223323118000
10223356483999
10223389846000
10223423211999
10223456572999
10223489945000
10223523307999
10223556672000
10223590045000
10223623416000
10223656774000
10223690146999
10223723514999
10223756874999
10223790240999
10223823609000
10223856974999
10223890353000
10223923708000
10223957073999
10223990447000
10224023816999
10224057177000
10224090541999
10224123922999
10224157285999
10224190642999
10224224011000
10224257372000
10224290740999
10224324114000
10224357475999
10224390837999
10224424209000
10224457572999
10224490945999
10224524323999
10224557690999
10224591042000
10224624410000
10224657778999
10224691140999
10224724506000
10224757878000
10224791241999
10224824608000
10224857990000
10224891349999
10224924707000
10224958091000
10224991447000
10225024806999
10225058191000
10225091542000
10225124910000
10225158390999
10225191643000
10225225010000
10225258404000
10225291739000
10225325106000
10225358496999
10225391842999
10225425208999
10225458609999
10225491950999
10225525305999
10225558693000
10225592043999
10225625405999
10225658787999
10225692144000
10225725505000
10225758915000
10225792240000
10225825607000
10225859000000
10225892350000
10225925707999
10225959087000
10225992441000
10226025808000
10226059205999
10226092545999
10226125905999
10226159308000
10226192640999
10226226006000
10226259405999
10226292740000
10226326111000
10226359517000
10226392840000
10226426203999
10226459587000
10226492944999
10226526308000
10226559685000
10226593041000
10226626405999
10226659787999
10226693153000
10226726507999
10226759895999
10226793256999
10226826637000
10226859979999
10226893353999
10226926706999
10226960091999
10226993447999
10227026807000
10227060182999
10227093541000
10227126913000
10227160303000
10227193643000
10227227016000
10227260398000
10227293765000
10227327123999
10227360482000
10227393840999
10227427223999
10227460584000
10227493956000
10227527341000
10227560685999
10227594041000
10227627436999
10227660777999
10227694142000
10227727525000
10227760888000
10227794244000
10227827612999
10227860980999
10227894368999
10227927712000
10227961074000
10227994440999
10228027817000
10228061180999
10228094564000
10228127925999
10228161307000
10228194655000
10228228014000
10228261383999
10228294740999
10228328127999
10228361482000
10228394849000
10228428212999
10228461574999
10228494941999
10228528331999
10228561674999
10228595040000
10228628421999
10228661780000
10228695148000
10228728510999
10228761875000
10228795245999
10228828610000
10228861978000
10228895365999
10228928712999
10228962083000
10228995441999
10229028811000
10229062170999
10229095540000
10229128913000
10229162280999
10229195642000
10229229011999
10229262381000
10229295739999
10229329112999
10229362473999
10229395839999
10229429207999
10229462574999
10229495944000
10229529313000
10229562675999
10229596041999
10229629410999
10229662773000
10229696136000
10229729511999
10229762876000
10229796242000
10229829614000
10229862978999
10229896350999
10229929710000
10229963072999
10229996439000
10230029811000
10230063175999
10230096540000
10230129907000
10230163291999
10230196640000
10230230013999
10230263374000
10230296742999
10230330111999
10230363482000
10230396838999
10230430207999
10230463577999
10230496943000
10230530307999
10230563673999
10230597039000
10230630408999
10230663780999
10230697142999
10230730515999
10230763883999
10230797242999
10230830605999
10230863972999
10230897348000
10230930709000
10230964071999
10230997441999
10231030806999
10231064183000
10231097539000
10231130906999
10231164295000
10231197658999
10231231007999
10231264381999
10231297746000
10231331110999
10231364472999
10231397854000
10231431209000
10231464572999
10231497954000
10231531318999
10231564674999
10231598058999
10231631413999
10231664774000
10231698162999
10231731507999
10231764873000
10231798264999
10231831610000
10231864970000
10231898393999
10231931704000
10231965071999
10231998466000
10232031809000
10232065173999
10232098563999
10232131911000
10232165281999
10232198668999
10232232008999
10232265375000
10232298765999
10232332107000
10232365471999
10232398865000
10232432211999
10232465578999
10232498976999
10232532310999
10232565672999
10232599063999
10232632411999
10232665769000
10232699168999
10232732506000
10232765873000
10232799279000
10232832609000
10232865971999
10232899380999
10232932714999
10232966075000
10232999461999
10233032807999
10233066172000
10233099557999
10233132907999
10233166279999
10233199663999
10233233012000
10233266383000
10233299784999
10233333108000
10233366492999
10233399854000
10233433207000
10233466576999
10233499950999
10233533303999
10233566677000
10233600054999
10233633411000
10233666778000
10233700152999
10233733510000
10233766878999
10233800269999
10233833618999
10233866982999
10233900386999
10233933704999
10233967096000
10234000453000
10234033808999
10234067192000
10234100553000
10234133905999
10234167331999
10234200648000
10234234008999
10234267383000
10234300752999
10234334113000
10234367486999
10234400853000
10234434209999
10234467592999
10234500944999
10234534309999
10234567694999
10234601045999
10234634432000
10234667782000
10234701139999
10234734513999
10234767906999
10234801250000
10234834607999
10234868001000
10234901357000
10234934709999
10234968075999
10235001442999
10235034809999
10235068192999
10235101545999
10235134912999
10235168314999
10235201661000
10235235013999
10235268377000
10235301741999
10235335103999
10235368480999
10235401846000
10235435222000
10235468581000
10235501953999
10235535310999
10235568680000
10235602039999
10235635411000
10235668779999
10235702148000
10235735521000
10235768877000
10235802243000
10235835606000
10235868978000
10235902356999
10235935707999
10235969082999
10236002459999
10236035818000
10236069179000
10236102541999
10236135904000
10236169299999
10236202637000
10236236005999
10236269378999
10236302764000
10236336123999
10236369496000
10236402840999
10236436206000
10236469579000
10236502938999
10236536314000
10236569677999
10236603043999
10236636406999
10236669775999
10236703138000
10236736506999
10236769873999
10236803245000
10236836610000
10236869990999
10236903392000
10236936703999
10236970078000
10237003439000
10237036807000
10237070176999
10237103537999
10237136904000
10237170302000
10237203644999
10237237009000
10237270391000
10237303744000
10237337105999
10237370483000
10237403849000
10237437202999
10237470579000
10237503948999
10237537302000
10237570675999
10237604041000
10237637404999
10237670775999
10237704144000
10237737513000
10237770881000
10237804245999
10237837620000
10237870981000
10237904349000
10237937722000
10237971073999
10238004449000
10238037808999
10238071178000
10238104547999
10238137918000
10238171295000
10238204638999
10238238016999
10238271377000
10238304744999
10238338125000
10238371481000
10238404856999
10238438226000
10238471573999
10238504945000
10238538335999
10238571691999
10238605051000
10238638426999
10238671780000
10238705142000
10238738538999
10238771871999
10238805238999
10238838625000
10238871975000
10238905360999
10238938732000
10238972072000
10239005439999
10239038834999
10239072175999
10239105539000
10239138917000
10239172308000
10239205647000
10239239048999
10239272375000
10239305741000
10239339121000
10239372473999
10239405838999
10239439215000
10239472576000
10239505950000
10239539373999
10239572678999
10239606041999
10239639417000
10239672774000
10239706140000
10239739515999
10239772879000
10239806242999
10239839636000
10239872976000
10239906347000
10239939726000
10239973077999
10240006444000
10240039822999
10240073182000
10240106542999
10240139922999
10240173297999
10240206650000
10240240012000
10240273376000
10240306742999
10240340115000
10240373480000
10240406858000
10240440223999
10240473576000
10240506945999
10240540316999
10240573675999
10240607045000
10240640405000
10240673775999
10240707148999
10240740524000
10240773898999
10240807253999
10240840610000
10240873976999
10240907363000
10240940710999
10240974073999
10241007458000
10241040816999
10241074176000
10241107546999
10241140911000
10241174293000
10241207667999
10241241019000
10241274376999
10241307747999
10241341115000
10241374487999
10241407849999
10241441205999
10241474571999
10241507961999
10241541326999
10241574685999
10241608055999
10241641411999
10241674782000
10241708145999
10241741509999
10241774874999
10241808247999
10241841613000
10241874976999
10241908357000
10241941719999
10241975075000
10242008444000
10242041805999
10242075176000
10242108549999
10242141929999
10242175300999
10242208645999
10242242014999
10242275388000
10242308745000
10242342109000
10242375473999
10242408843999
10242442214999
10242475575000
10242508941000
10242542310999
10242575672999
10242609049999
10242642405999
10242675773000
10242709149000
10242742519999
10242775886999
10242809245000
10242842607000
10242875974999
10242909353999
10242942707000
10242976075999
10243009448000
10243042816999
10243076172999
10243109542000
10243142905000
10243176282000
10243209641999
10243243005000
10243276372000
10243309742999
10243343118999
10243376490000
10243409843999
10243443207000
10243476574000
10243509947000
10243543308000
10243576676000
10243610040999
10243643412999
10243676770000
10243710144000
10243743506000
10243776871000
10243810244000
10243843613999
10243876973000
10243910377999
10243943712999
10243977075999
10244010442999
10244043807000
10244077174000
10244110544999
10244143908000
10244177283999
10244210643000
10244244010000
10244277373999
10244310743000
10244344106000
10244377478000
10244410845000
10244444213999
10244477579000
10244510946000
10244544315999
10244577685000
10244611041000
10244644405999
10244677777999
10244711142000
10244744511000
10244777884999
10244811245000
10244844610000
10244877989000
10244911353999
10244944709999
10244978087999
10245011442999
10245044807000
10245078197999
10245111544999
10245144905999
10245178346000
10245211645999
10245245005999
10245278409000
10245311745000
10245345111999
10245378506999
10245411845999
